Preguntas,Categoría,Respuesta,Respuesta Mejorada, 
¿Dónde están ubicadas las aulas?,Cursado,"Las aulas D están ubicadas en las Baterías D: https://maps.app.goo.gl/r9WvtssCXKBm5pFR7
Las aulas A están ubicadas en las Baterías A: https://maps.app.goo.gl/NNVVoSNEnhuu5URT7
Las aulas C están ubicadas en: https://maps.app.goo.gl/VmdhSHiRMSpmjrhA8
Las aulas R están ubicadas dentro del pabellón de los reformistas: https://maps.app.goo.gl/4Ww7q68ZwufGS2FL9
Las aulas solo con número están ubicadas en el Edificio de FAMAF: https://maps.app.goo.gl/Ur9uQUBS4qvvMyyq6","📍 *Aulas D*: Están en las *Baterías D* 🏛️. Mirá el mapa aquí: [https://maps.app.goo.gl/r9WvtssCXKBm5pFR7](https://maps.app.goo.gl/r9WvtssCXKBm5pFR7)

📍 *Aulas A*: Se encuentran en las *Baterías A* 🏛️. Chequeá la ubicación: [https://maps.app.goo.gl/NNVVoSNEnhuu5URT7](https://maps.app.goo.gl/NNVVoSNEnhuu5URT7)

📍 *Aulas C*: Están en este lugar 🏛️. Entrá al mapa: [https://maps.app.goo.gl/VmdhSHiRMSpmjrhA8](https://maps.app.goo.gl/VmdhSHiRMSpmjrhA8)

📍 *Aulas R*: Se ubican en el *pabellón de los reformistas* 🏛️. Mirá el mapa: [https://maps.app.goo.gl/4Ww7q68ZwufGS2FL9](https://maps.app.goo.gl/4Ww7q68ZwufGS2FL9)

📍 *Aulas solo con número*: Están en el *Edificio de FAMAF* 🏛️. Entrá al mapa: [https://maps.app.goo.gl/Ur9uQUBS4qvvMyyq6](https://maps.app.goo.gl/Ur9uQUBS4qvvMyyq6)",
¿En qué aula se cursa una materia?,Cursado,El aula de cursado de cada materia está publicada en el siguiente enlace: https://www.famaf.unc.edu.ar/la-facultad/institucional/secretar%C3%ADas/secretaria-academica/horarios-de-cursado/,"📚 *El aula donde se cursa cada materia está publicada en este enlace:* [Horarios de cursado](https://www.famaf.unc.edu.ar/la-facultad/institucional/secretarías/secretaria-academica/horarios-de-cursado/)

👉 *Ahí vas a encontrar toda la info actualizada.*",
¿En qué horarios se cursa una materia?,Cursado,"Los horarios de cursado de las materias están disponibles en el siguiente enlace:
https://www.famaf.unc.edu.ar/la-facultad/institucional/secretar%C3%ADas/secretaria-academica/horarios-de-cursado/","Para saber los horarios de cursado de las materias, podés entrar acá: [Horarios de cursado](https://www.famaf.unc.edu.ar/la-facultad/institucional/secretar%C3%ADas/secretaria-academica/horarios-de-cursado/). 📚",
¿Cómo puedo inscribirme en el Régimen Especial de Cursado (RE)?,Cursado,"Para inscribirte al Régimen Especial de Cursado (RE) es necesario completar el siguiente formulario:

https://forms.gle/EYCtgdb5Ld6tHNjT9

El formulario es para realizar la inscripción al Régimen Especial de cursado correspondiente al cuatrimestre que estés cursando.

El proceso de inclusión del estudiante al RE no es automático, sino que se revisará la documentación enviada y se confeccionará un Certificado Único de Régimen de Excepciones al Sistema de Cursado de Estudiantes (CUREE). Luego de que se realice este proceso, recibirán un mail confirmando su inscripción al régimen y explicando los pasos para la entrega del CUREE.

Desde ese entonces, los estudiantes deberán inscribirse a las materias y turnos elegidos a través del sistema GUARANÍ. En caso de que el sistema no lo permita por saturación de una comisión, pueden comunicarse con Despacho de Estudiantes de lunes a viernes de 9 a 14 horas o a través del correo despachoestudiantes@famaf.unc.edu.ar presentando el CUREE y solicitando ser inscripto/a en las comisiones elegidas (derecho que solo puede hacerse valer durante los períodos de inscripción de las materias).

Cualquier otra duda consultar con la Secretaría de Asuntos Estudiantiles al email.","📝 *Para inscribirte al Régimen Especial de Cursado (RE), completá este formulario:*

🔗 [Formulario Inscripción](https://forms.gle/EYCtgdb5Ld6tHNjT9)

📌 *El formulario es para el cuatrimestre que estás cursando.*

⚠️ *La inscripción no es automática. Se revisará tu documentación y se generará un Certificado Único de Régimen de Excepciones al Sistema de Cursado de Estudiantes (CUREE).*

📧 *Cuando el proceso termine, te llegará un mail confirmando tu inscripción y explicando cómo entregar el CUREE.*

💻 *Después, tenés que inscribirte a las materias y turnos que elegiste en el sistema GUARANÍ.*

*Si el sistema no te deja por saturación de una comisión, comunicáte con Despacho de Estudiantes  [despachoestudiantes@famaf.unc.edu.ar](https://despachoestudiantes@famaf.unc.edu.ar) *con el CUREE y pedí que te inscriban en las comisiones elegidas (solo podés hacerlo durante los períodos de inscripción).*

💡 *Si tenés más dudas podes escribir a la Secretaría de Asuntos Estudiantiles vía email.*",
¿Qué es el Régimen Especial de Cursado (RE)?,Cursado,"El Régimen Especial de Cursado (RE) permite a los/as estudiantes que se encuentren en situación de trabajo, enfermedad o embarazo y/o que tengan persona/s a cargo, acceder a los siguientes derechos:

1. Eximición del requisito de asistencia a clase para regularizar o promocionar una materia.
2. Eximición del requisito de asistir a los laboratorios, excepto cuando estas actividades sean necesariamente presenciales.
3. Posibilidad de rendir los parciales en un día y horario especial.
4. Prioridad para la elección de la comisión de cursada al momento de la inscripción del cuatrimestre."," 

El *Régimen Especial de Cursado (RE)* es una ayuda para estudiantes que están trabajando, con problemas de salud, embarazadas o que tienen personas a cargo. 💡

*Te permite:*
1️⃣ No tener que cumplir con el mínimo de asistencia para regularizar o promocionar una materia.
2️⃣ No asistir a los laboratorios (excepto si son *imprescindibles* presenciales).
3️⃣ Rendir parciales en un día y horario especial.
4️⃣ Elegir primero la comisión al inscribirte.

📚 Más info: [Régimen Especial de Cursado](https://www.famaf.unc.edu.ar/la-facultad/institucional/secretar%C3%ADas/secretaria-de-asuntos-estudiantiles/r%C3%A9gimen-especial-de-cursado-de-famaf-primer-cuatrimestre-2023/)",
¿Cómo es el trámite para solicitar el diploma digital?,Cursado,"La solicitud de la certificación se realiza desde el Sistema Guaraní, los pasos están detallados en el siguiente instructivo:
https://drive.google.com/file/d/1pkY8i3dxU-Muz6KZUNN8CnrkxaXulGgZ/view?usp=sharing","Para pedir tu *diploma digital*, tenés que hacerlo desde el *Sistema Guaraní*. Es súper fácil, solo seguí los pasos que están explicados en este *instructivo* 👉 [Guía para solicitar diploma digital](https://drive.google.com/file/d/1pkY8i3dxU-Muz6KZUNN8CnrkxaXulGgZ/view?usp=sharing).",
¿En qué aula tengo que rendir un examen final?,Exámenes,Las aulas designadas para rendir una materia son informadas unos días antes de la fecha de examen a través de la página web del Despacho de Estudiantes de FAMAF: https://www.famaf.unc.edu.ar/la-facultad/institucional/areas-y-departamentos/%C3%A1rea-direcci%C3%B3n-de-ense%C3%B1anza/despacho-de-Estudiantes-informa/,"El aula donde vas a rendir el final se avisa unos días antes del examen en la web del [Despacho de Estudiantes de FAMAF](https://www.famaf.unc.edu.ar/la-facultad/institucional/areas-y-departamentos/%C3%A1rea-direcci%C3%B3n-de-ense%C3%B1anza/despacho-de-Estudiantes-informa/).

⚠️ *¡No te olvides de revisar la página antes del examen!* 😉",
¿Cuál es el Calendario Académico 2026?,Información General,"Los Calendarios Académicos de todos los años los podes encontrar en el siguiente enlace:

https://www.famaf.unc.edu.ar/la-facultad/institucional/secretar%C3%ADas/secretaria-academica/calendario-acad%C3%A9mico/

Allí vas a encontrar información sobre los períodos de cursado, las épocas de exámenes y las fechas de las colaciones correspondientes al año.","En el siguiente enlace podes encontrar el *Calendario Académico* completo de la FAMAF:

🔗 [Calenadrio Académico](https://www.famaf.unc.edu.ar/la-facultad/institucional/secretar%C3%ADas/secretaria-academica/calendario-acad%C3%A9mico/)

📌 *En este encontrás:*
1️⃣ *Períodos de cursado*
2️⃣ *Fechas de exámenes*
3️⃣ *Días de colaciones*",
¿Qué requisitos piden para la equivalencia externa si vengo de otra facultad y quiero cambiarme a FAMAF?,Ingreso,"En caso de que desees ingresar a FAMAF desde otra factulad, tenés que iniciar un trámite por email y pedir equivalencias de materias.

La recepción de solicitudes es desde el 1 de agosto al 31 de octubre y el resultado será entregado a comienzos del año siguiente para que puedas comenzar en FAMAF en marzo del año siguiente (una vez que te llegue el correo de confirmación). 

Para las equivalencias de materias no hay una tabla fija, ás bien cada caso se evalúa con una Comision Asesora de Equivalencias, contando también el Curso de Nivelación como cualquier otra materia.

La documentación requerida para este trámite se deve enviar vía email a oficialia@famaf.unc.edu.ar y consiste de:
1. Documentación Académica:
  - Certificado Analítico Oficial con notas, fechas de aprobación y constancia de aplazos.
  - Certificado de sanciones disciplinarias, indicando si tuvise o no.
  - Certificado de cancelación de matrícula, solo si la carrera es de igual nombre.
  - Programas oficiales legalizados de las materias aprobadas, con carga horaria, contenidos, trabajos o laboratorios y bibliografía.
  - Escala de calificaciones de tu institución de origen.
  - Plan de estudios de la carrera que cursaste.
  - Resolución ministerial que de validez nacional a la carrera.

2. Documentación Personal
  - Certificado de estudios secundarios completos, legalizado por la Oficialía Mayor de la UNC (https://www.unc.edu.ar/oficialia-mayor).
  - DNI (frente y dorso).
  - Constancia de CUIL.

Además de una nota dirigida al decano junto con los requisitos, en el siguiente enlace podes encontrar un modelo orentativo: https://tinyurl.com/equivalencias-externas-FAMAF

IMPORTANTE:
- Si el estudiante ya es alumno de FAMAF, debe aclararlo en la nota y en ese caso, el trámite puede presentarse en cualquier día del año. 
- Si querés ingresar a dos o más carreras, tenes que hacer un trámite separado para cada carrera."," ** Si venís de otra facultad y querés cambiarte a FAMAF, acá te explico cómo hacer el trámite de equivalencias de materias.

📅 **Plazos:**
  🔹Podés enviar tu solicitud desde el *1 de agosto al 31 de octubre*.
  🔹El resultado lo vas a recibir a comienzos del año siguiente, para empezar en FAMAF en *marzo* (una vez que te confirmen por correo).

📚 **¿Cómo se evalúan las equivalencias?**
  🔹No hay una tabla fija: cada caso lo revisa una *Comisión Asesora de Equivalencias*.
  🔹El *Curso de Nivelación* también se tiene en cuenta como cualquier otra materia.

📄 **La documentación la tenés que enviar por email a oficialia@famaf.unc.edu.ar:**

1️⃣ **Documentación Académica:**
  🔹Certificado Analítico Oficial con notas, fechas de aprobación y constancia de aplazos.
  🔹Certificado de sanciones disciplinarias (si las hay o no).
  🔹Certificado de cancelación de matrícula (solo si la carrera es de igual nombre).
  🔹Programas oficiales legalizados de las materias aprobadas (con carga horaria, contenidos, trabajos o laboratorios y bibliografía).
  🔹Escala de calificaciones de tu institución de origen.
  🔹Plan de estudios de la carrera que cursaste.
  🔹Resolución ministerial que le da validez nacional a la carrera.

2️⃣ **Documentación Personal:**
  🔹Certificado de estudios secundarios completos, legalizado por la Oficialía Mayor de la UNC (*https://www.unc.edu.ar/oficialia-mayor*).
  🔹DNI (frente y dorso).
  🔹Constancia de CUIL.

Además, tenés que incluir una *nota dirigida al decano* junto con los requisitos. Acá tenés un modelo orientativo: *https://tinyurl.com/equivalencias-externas-FAMAF*

⚠️ **Importante:**
  🔹**Si ya sos alumno de FAMAF**, aclaralo en la nota. En ese caso, podés hacer el trámite en *cualquier momento del año*.
  🔹Si querés ingresar a *dos o más carreras*, tenés que hacer un trámite separado para cada una.",
¿Cómo hacer la preinscripción para el curso de nivelación intensivo 2026 de FAMAF?,Ingreso,"La preinscripción al Curso de Nivelación intensivo de FAMAF se encuentra abierta desde el 3 de noviembre hasta el 12 de diciembre de 2025. Este se dictará durante enero y febrero del año 2026, para los que deseen ingresar a una carrera en FAMAF en 2026.

Para inscribirte necesitás tener un usuario en Sistema Guaraní; en caso de que no tengas, podés solicitarlo mediante el siguiente formulario:
https://preinscripcion.guarani.unc.edu.ar/preinscripcion/

Si ya tenés un usuario en sistema Guaraní, tenés que ingresar y seguir los pasos del siguiente video-tutorial:

https://www.youtube.com/watch?v=deQuWbJnEDU

En caso de que seas alumno extranjero deberás seguir los pasos del siguiente instructivo:

https://docs.google.com/document/d/1lea6U_TZ7dL1BqoBUjWK0cS2jW7ar4hCmtuIODqtSqQ/edit?tab=t.0","Si estás pensando en hacer el *Curso de Nivelación Intensivo 2026* de FAMAF, acá tenés toda la info que necesitás:

📅 **Fechas clave:**
  🔹Preinscripción: desde el *3 de noviembre* hasta el *12 de diciembre de 2025*.
  🔹Curso: se dicta en *enero y febrero de 2026*.

📌 **Pasos para inscribirte:**
1️⃣ Necesitás tener un usuario en *Sistema Guaraní*. Si no lo tenés, lo creás acá: [https://preinscripcion.guarani.unc.edu.ar/preinscripcion/](https://preinscripcion.guarani.unc.edu.ar/preinscripcion/).

2️⃣ Si ya tenés usuario, seguí este *video-tutorial* paso a paso: [https://www.youtube.com/watch?v=deQuWbJnEDU](https://www.youtube.com/watch?v=deQuWbJnEDU).

3️⃣ Si sos *alumno extranjero*, seguí este *instructivo* especial: [https://docs.google.com/document/d/1lea6U_TZ7dL1BqoBUjWK0cS2jW7ar4hCmtuIODqtSqQ/edit?tab=t.0](https://docs.google.com/document/d/1lea6U_TZ7dL1BqoBUjWK0cS2jW7ar4hCmtuIODqtSqQ/edit?tab=t.0).",
¿Cuándo y en qué modalidades se puede hacer el curso de nivelación de FAMAF?,Ingreso,"El curso de nivelación de FAMAF tiene 3 ediciones:

- Curso de nivelación intensivo:
- Destinado a: aquellas personas que deseen ingresar por primera vez a la facultad o a aquellas que no hayan completado el trámite de inscripción definitiva años anteriores (nuevxs ingresantes).
- Dictado: fines de enero y febrero de cada año
- Modalidad: intensiva y presencial. Se cursa de lunes a viernes, 4 hs por día, pudiendo optar por turno tarde (de 9 hs a 13 hs) o turno mañana (de 14 hs a 18 hs)
- Preinscripciones: una vez definidos, fechas y requisitos serán publicados en famaf.unc.edu.ar/ingresantes (aproximandamente a principios de noviembre estará la información)

- Re dictado del Curso de nivelación primer cuatrimestre:
- Destinado a: aquellas personas que hayan completado el trámite de inscripción definitiva en algún momento (estudiantes de FAMAF) y que no hayan aprobado el curso de nivelación en ediciones anteriores.
- Dictado: durante el primer cuatrimestre, consultar fechas exactas de Cursado en el Calendario Académico en el apartado ""Primer Cuatrimestre del año vigente - Grado y Posgrado"".
- Modalidad: no intensiva y presencial. Se cursa dos días por semana, 4 hs por día. Ver horarios en ""Horarios de cursada redictado"" en el siguiente enlace https://www.famaf.unc.edu.ar/la-facultad/institucional/secretar%C3%ADas/secretaria-academica/horarios-de-cursado/.
- Inscripciones: Por Guaraní, a través de la pestaña ""Inscripción a materias"" durante el periodo de Inscripciones del apartado ""Primer Cuatrimestre año vigente - Grado y Posgrado"" del Calendario Académico.

- Curso de nivelación no intensivo para nuevxs ingresantes:
- Destinado a: aquellas personas que deseen ingresar por primera vez a la facultad o que no hayan aprobado el curso de nivelación en ediciones anteriores. Pueden estar cursando el último año del secundario.
- Dictado: de agosto a diciembre de cada año
- Modalidad: no intensiva, presencial o a distancia. 4 hs semanales, pudiendo optar por los días viernes de 16 hs a 20 hs o los días sábados de 9 hs a 13 hs.
- Preinscripciones: una vez definidos, fechas y requisitos serán publicados en famaf.unc.edu.ar/ingresantes (aproximadamente en junio de ese mismo año estará disponible la información)

El curso de nivelación es el mismo para todas las carreras.","El curso de nivelación de FAMAF tiene **3 opciones** para que elijas la que mejor se adapte a vos:

1️⃣ **Curso intensivo** (para nuevxs ingresantes o quienes no completaron la inscripción definitiva antes):
📅 *Fines de enero y febrero*
📍 *Modalidad:* Presencial, de lunes a viernes, 4 hs por día.
⏰ *Turnos:* Mañana (14 a 18 hs) o tarde (9 a 13 hs).
📌 *Preinscripción:* Fechas y requisitos en [famaf.unc.edu.ar/ingresantes](https://www.famaf.unc.edu.ar/ingresantes) (¡mirá desde principios de noviembre!).

2️⃣ **Redictado primer cuatrimestre** (para estudiantes de FAMAF que no aprobaron antes):
📅 *Durante el primer cuatrimestre* (fechas exactas en el Calendario Académico).
📍 *Modalidad:* Presencial, 2 días por semana, 4 hs por día.
📌 *Inscripción:* Por Guaraní, en la pestaña ""Inscripción a materias"" (periodo de inscripciones del Calendario Académico).
🔗 *Horarios:* [Aquí](https://www.famaf.unc.edu.ar/la-facultad/institucional/secretar%C3%ADas/secretaria-academica/horarios-de-cursado/).

3️⃣ **Curso no intensivo** (para nuevxs ingresantes o quienes no aprobaron antes):
📅 *De agosto a diciembre*
📍 *Modalidad:* Presencial o a distancia, 4 hs semanales.
⏰ *Horarios:* Viernes (16 a 20 hs) o sábados (9 a 13 hs).
📌 *Preinscripción:* Fechas y requisitos en [famaf.unc.edu.ar/ingresantes](https://www.famaf.unc.edu.ar/ingresantes) (¡disponible desde junio!).

⚠️ *Importante:* El curso es el mismo para todas las carreras. ",
¿Qué documentación tengo que llevar para hacer la inscripción definitiva?,Ingreso,"La inscripción definitiva tendrá lugar del 2 al 23 de ferbrero de 2026.

Para realizar el trámite deberás enviar un mail a despachoestudiantes@famaf.unc.edu.ar con el asunto ""INSCRIPCIÓN DEFINITIVA"" y adjuntar (en un solo archivo) el Certificado Analítico o en caso de aún no tenerlo, la constancia de título del secundario en trámite con la leyenda ""no adeuda materias"".

Tras la INSCRIPCIÓN DEFINITIVA el/la INGRESANTE pasa a ser ESTUDIANTE DE LA UNIVERSIDAD.","La inscripción definitiva es del **2 al 23 de febrero de 2026**.

Para hacer el trámite, mandá un mail a *despachoestudiantes@famaf.unc.edu.ar* con el asunto *""INSCRIPCIÓN DEFINITIVA""* y adjuntá *en un solo archivo*: Tu *Certificado Analítico* (o, si no lo tenés todavía, la *constancia de título del secundario en trámite* con la leyenda *""no adeuda materias""*).

Una vez que hagas la inscripción definitiva, ¡pasás a ser *estudiante oficial* de la UNC! 🎉",
¿Cuál es la diferencia de inscribirse a las materias como libre o regular?,Ingreso,"El régimen de correlatividades de cada carrera establece:
1. Cuáles materias deben haberse aprobado y
2. Cuáles materias deben haberse regularizado

Para poder inscribirse como estudiante regular de una nueva materia. Quienes se inscriban como tal, podrán alcanzar, al finalizar la misma, y asumiendo que hayan cumplido durante su cursado con los requisitos establecidos en su programa, la condición de estudiante regular de esa materia. Cada estudiante que haya alcanzado esa condición tendrá derecho, por el término de dos años, a rendir el examen de la materia con el mismo programa con que la regularizó. En algunas materias puede incluso existir el beneficio de un examen diferenciado para aquellos/as estudiantes que alcanzaron la regularidad. Si la materia es promocionable, quienes hayan aprobado las materias del punto 2 tendrán la posibilidad de alcanzar la promoción de la materia cumpliendo con los requisitos establecidos en su programa.

Quienes no cumplan con el requisito mencionado en el punto 2 podrán solicitar excepcionalmente la inscripción como estudiante libre a la Secretaría Académica. En caso de aceptarse, tendrán derecho a rendir los parciales y realizar los trabajos prácticos y demás actividades de la materia, pero no podrán alcanzar la condición de estudiante regular ni promocional.","**Inscribirse como regular o libre** depende de las correlatividades de tu carrera.

1️⃣ **Regular**: Si cumplís con las materias que hay que aprobar o regularizar, podés inscribirte como regular. Si aprobás, tenés 2 años para rendir el final con el mismo programa. En algunas materias, incluso hay *examen diferenciado* para regulares. Si la materia es promocionable, podés promocionarla si cumplís los requisitos.

2️⃣ **Libre**: Si no cumplís con las correlatividades, podés pedir inscripción como libre a la *Secretaría Académica*. Si te la aprueban, podés rendir parciales y hacer trabajos prácticos, pero *no* te regularizás ni promocionás.",
¿Cómo me inscribo para cursar las materias?,Ingreso,"La inscripción a las materias se realizará según la siguiente categorías:

La fecha de inscripción serán desde el día 2 de Marzo a las 14:00 hs hasta el día 13 de Marzo a las 23:59 horas. Exceptuando las materias del primer cuatrimestre de primer año que se habilitarán a partir del día 3 de Marzo a las 14:00 hs hasta el 14 de Marzo a las 23:59 hs.

Ingresantes:

Los ingresantes que realizaron la inscripción definitiva y hayan promocionado, aprobado el examen o regularizado el curso de nivelación, podrán inscribirse a cursar las materias de primer año que se dictarán en el primer cuatrimestre a través de Guaraní, siguiende los siguientes pasos:

1. Ingresar a Guaraní y buscar la opción ""Inscripción a Materias"".
2. Elegí la materia que desees cursar y hace clic en ""Inscribirse"".
3. Esperar unos días para ingresar al Aula Virtual de la materia.

Recordá que ya se encuentrán cargadas las notas de promocion (Aprobado o Reprobado) en el ""Historia Académica"" dentro de tu Guaraní. En caso de rendir examen el 4 de Marzo, las notas estarán cargadas en este mismo menú entre el 5 y el 6 de Marzo.

Los ingresantes que NO realizaron la inscripción definitiva, podrán inscribirse a cursar materias de forma condicional, siempre y cuando hayan aprobado o regularizado el Curso de Nivelación llenando el siguiente formulario: https://forms.gle/QPTgwJexfJqqqHKE7. Recueden hacer la inscripción definitiva apenas obtengan el Certificado de Secundario Completo o Constancia., enviándola a despachoestudiantes@famaf.unc.edu.ar hasta el 30 de Abril.

No ingresantes:

Para alumnos no ingresantes primero deberán ingresar a Guaraní y, antes que nada, realizar la reinscripción anual. Luego, seguir los siguientes pasos.

1. Ingresar al menú ""Inscripción a Materias"".
2. Elegí la materia que desees cursar y hace clic en ""Inscribirse"".
2. Una vez inscripto/a en Guaraní deberás esperar hasta el martes 10 de marzo para entrar al Aula Virutal de la materia.

Para verificar las aulas y horarios de cursado lo podes hacer en Guaraní dentro del menú ""Reportes"" y seleccionando ""Agenda"" o podes hacerlo desde la página web de FAMAF en https://www.famaf.unc.edu.ar/la-facultad/institucional/secretar%C3%ADas/secretaria-academica/horarios-de-cursado/ seleccionando la carrera que estás cursando y mover el selector de fechas hasta la semana del 9 de marzo del 2026 para poder visualizar los horarios de clase.

Especialidades y Optativas:

Para inscribirte en Especialidades u Optativas deberás llenar el siguiente formulario: https://forms.gle/VccEhhg5BVnDU85H9, una vez que tu solicitud sea procesada se te informará al email si has sido inscripto/a o no.

Para los alumnos de intercambio (Estudiante Regular Internacional) y vocacionales se puede encontrar información para la inscripción en este documento: https://docs.google.com/document/d/1TPRDsXlJKBgg3A-l56oh-lBuLG4OV5gkBH_lz5Grutw/edit

Para inscribirte como alumno libre (solo para materias de segundo año en adelante) debés tener aprobadas las materais correlativas de las correlativas de la asignatura que pretendern cursar, aunque no tengan regularizadas las materias correlativas de esa asignatura. Esto no aplica para materias de Metodología y Practica de la Enseñanza, Especialidades, Optativas ni Experimentales. Los incriptos como libres tendrán deracho a rendir evaluaciones parciales, trabajos prácticos y de laboratorio junto con demás actividades que se establezcan en el cursado, pero no podrán regularizar, ni promocionar. Para inscribirse, deben hacerlo mediante el siguiente formulario: https://forms.gle/jtE3d6YDX6TFmpiX8.

Fechas de inscripción: desde el 2 de marzo a las 14:00 hs hasta el 13 de marzo a las 23:59 a través de Guaraní. Exceptuando las materias de primero año, que se habilitará a partir del miércoles 4 de marzo a las 14:00 hs.","📅 **Fechas de inscripción:** Desde el *2 de marzo a las 14:00 hs* hasta el *13 de marzo a las 23:59 hs*.
⚠️ *Excepción:* Las materias de *primer año* se habilitan desde el *3 de marzo a las 14:00 hs* hasta el *14 de marzo a las 23:59 hs*.

🎓 **Ingresantes:**
Si ya hiciste la *inscripción definitiva* y promocionaste, aprobaste el examen o regularizaste el curso de nivelación, podés inscribirte a las materias de primer año del primer cuatrimestre en *Guaraní* siguiendo estos pasos:
1️⃣ Entrá a *Guaraní* y buscá la opción *""Inscripción a Materias""*.
2️⃣ Elegí la materia que querés cursar y hacé clic en *""Inscribirse""*.
3️⃣ Esperá unos días para entrar al *Aula Virtual* de la materia.

*Recordá:* Tus notas de promoción (*Aprobado/Reprobado*) ya están cargadas en *""Historia Académica""* dentro de *Guaraní*. Si rendiste el *4 de marzo*, las notas estarán disponibles entre el *5 y 6 de marzo*.

Si *no* hiciste la inscripción definitiva, podés inscribirte de forma *condicional* si aprobaste o regularizaste el *Curso de Nivelación*. Completá este formulario: [https://forms.gle/QPTgwJexfJqqqHKE7](https://forms.gle/QPTgwJexfJqqqHKE7). ¡No te olvides de hacer la inscripción definitiva apenas tengas el *Certificado de Secundario Completo* o *Constancia*! Enviála a *despachoestudiantes@famaf.unc.edu.ar* hasta el *30 de abril*.

📚 **No ingresantes:**
Primero, ingresá a *Guaraní* y hacé la *reinscripción anual*. Luego, seguí estos pasos:
1️⃣ Entrá al menú *""Inscripción a Materias""*.
2️⃣ Elegí la materia que querés cursar y hacé clic en *""Inscribirse""*.
3️⃣ Una vez inscripto/a, esperá hasta el *martes 10 de marzo* para entrar al *Aula Virtual*.

📌 *Para ver aulas y horarios:*
En *Guaraní*, en el menú *""Reportes""*, seleccioná *""Agenda""* o entrá a la web de FAMAF: [https://www.famaf.unc.edu.ar/la-facultad/institucional/secretar%C3%ADas/secretaria-academica/horarios-de-cursado/](https://www.famaf.unc.edu.ar/la-facultad/institucional/secretar%C3%ADas/secretaria-academica/horarios-de-cursado/). Elegí tu carrera y mové el selector de fechas hasta la *semana del 9 de marzo de 2026*.

🔍 **Especialidades y Optativas:**
Completá este formulario: [https://forms.gle/VccEhhg5BVnDU85H9](https://forms.gle/VccEhhg5BVnDU85H9). Te avisarán por email si fuiste inscripto/a.

🌍 **Intercambio y Vocacionales:**
Encontrá info en este documento: [https://docs.google.com/document/d/1TPRDsXlJKBgg3A-l56oh-lBuLG4OV5gkBH_lz5Grutw/edit](https://docs.google.com/document/d/1TPRDsXlJKBgg3A-l56oh-lBuLG4OV5gkBH_lz5Grutw/edit).

📝 **Alumnos libres** (solo para materias de *segundo año en adelante*):
🔹 Necesitás tener aprobadas las materias correlativas, aunque no las tengas regularizadas. *No aplica* para *Metodología y Práctica de la Enseñanza*, *Especialidades*, *Optativas* ni *Experimentales*.
🔹 Podés rendir parciales, trabajos prácticos y de laboratorio, pero *no podés regularizar ni promocionar*.
🔹 Inscribite con este formulario: [https://forms.gle/jtE3d6YDX6TFmpiX8](https://forms.gle/jtE3d6YDX6TFmpiX8).
",
¿Cómo me inscribo para rendir el examen final de una materia?,Exámenes,"Ingresá a Guaraní. Una vez dentro, seleccioná la opción ""Inscripción a Exámenes"", elegí la materia a la cual quieras inscribirte para rendir, después seleccioná en el menú desplegable si querés inscribirte al examen como libre o regular, y luego hacé clic en ""Inscribirse""."," Para inscribirte al examen final de una materia, debes seguir los siguientes pasos:

1️⃣ Entrá al menú *""Inscripción a Exámenes""*.
2️⃣ Elegí la materia a la que quieras inscirbirte para rendir y en la condición que querés rendir.
3️⃣ Hacé clic en ""Inscibirse"".",
¿Qué tengo que hacer si quiero cambiarme a otra carrera de FAMAF o cursar otra al mismo tiempo?,Cursado,"Para solicitar cambiar de carrera o cursar en paralelo varias de la oferta de grado de FAMAF, deberás llenar el siguiente formulario:

https://docs.google.com/forms/d/e/1FAIpQLSeNA8jXxGARDeebj0TdjXMmmXGNph0gZQPkzfliWZbcbN9KdQ/viewform

Las solicitudes se recibirán hasta la finalización de la primera semana de diciembre y se reabrirán el primer día hábil de febrero; serán resueltas en el término de 15 días hábiles a partir de la presentación y se informará por correo electrónico.

El trámite debe iniciarse por cada carrera que se desee cursar (por separado).","📌 *Si querés cambiarte a otra carrera de la FAMAF o cursar dos al mismo tiempo*, completá este formulario:

[Formulario de cambio de carrera](https://docs.google.com/forms/d/e/1FAIpQLSeNA8jXxGARDeebj0TdjXMmmXGNph0gZQPkzfliWZbcbN9KdQ/viewform)

⚠️ *Importante*:
  🔹Las solicitudes se reciben hasta *finales de noviembre* y se reabren en *febrero*.
  🔹Se resuelven en *15 días hábiles* y te avisamos por *email*.
  🔹*Recordá* que tenés que hacer el trámite *por cada carrera* que quieras cursar.",
¿Dónde tengo que llenar el formulario para pedir equivalencias comunes entre carreras de FAMAF?,Cursado,"Al inscribirte en otra materia de FAMAF, el reconocimiento de materias se gestiona según la Resolución RHCD-2024-397-E-UNC-DEC#FAMAF de la siguiente manera:

- 1. TRÁMITE AUTOMÁTICO (Anexo I)
La actuación académica se transcribe de forma total y automática para materias que comparten el mismo código entre las carreras involucradas  (por ejemplo: Física General I posee el mismo código tanto en Licenciatura en Astronomía y Licenciatura en Física). Si la materia aparece listada en este anexo junto con las carreras de tu interés, el sistema procesa el reconocimiento sin necesidad de que realices una solicitud manual. 

La lista completa de todas las materias en el Anexo I puedes consultar aquí:
https://www.famaf.unc.edu.ar/documents/5076/RHCD-2024-397-E-UNC-DEC_FAMAF_-_ANEXO_I.pdf

- 2. TRÁMITE A SOLICITUD (Anexos II y III)
Debes solicitar el reconocimiento para materias que, aunque tengan códigos o nombres distintos, se consideran equivalentes según la carrera:

Materias equivalentes (Anexo II): Las materias listadas en el Anexo II son materias que se cursan de manera idéntica. Por ejemplo:
- Matemática Discreta I (03-00031) de Lic. en Ciencias de la Computación es equivalente a Matemática Discreta I (03-00082) de Licenciatura en Matemática Aplicada.
- Análisis Matemático I (03-01027) de Lic. en Hidrometeorología es equivalente a Cálculo I (03-00081) de Licenciatura en Matemática Aplicada.

Consulta la lista completa de materias del Anexo II aquí:
https://www.famaf.unc.edu.ar/documents/5077/RHCD-2024-397-E-UNC-DEC_FAMAF_-_ANEXO_II.pdf

Materias con contenidos equivalentes (Anexo III): Son materias cuyos contenidos cubren los de otras materias y se dictan simultáneamente. Por ejemplo:
- Análisis Numérico I (03-00124) de Licenciatura en Matemática equivale a Análisis Numérico (03-00240) de Lic. en Ciencias de la Computación.

Consulta la lista completa del Anexo III aquí:
https://www.famaf.unc.edu.ar/documents/5078/RHCD-2024-397-E-UNC-DEC_FAMAF_-_ANEXO_III.pdf

- ¿Cómo realizar la solicitud?
- 1. Para materias de los Anexos II y III o equivalencias internas comunes se debe llenar el siguiente formulario: https://forms.gle/bY9kevLfS6by49VA7
- 2. Si no figura en el formulario, completa esta nota (https://docs.google.com/document/d/1klRjzZnZstC-ES7BbqN3FYl0uB1LzheP/edit) y envíala a nfigueroa@unc.edu.ar.

Aviso importante: Las solicitudes se resuelven en 15 días hábiles y serás notificado por correo electrónico.","  Si querés pedir equivalencias comunes entre carreras de la FAMAF, acá te explico cómo hacerlo según la *Resolución RHCD-2024-397-E-UNC-DEC#FAMAF*:

1️⃣ **TRÁMITE AUTOMÁTICO** (Anexo I)
Si la materia que querés cursar tiene el *mismo código* en ambas carreras (ej: *Física General I* en Astronomía y Física), el sistema la reconoce automáticamente. 
*Consultá la lista completa en este PDF*: [Anexo I](https://www.famaf.unc.edu.ar/documents/5076/RHCD-2024-397-E-UNC-DEC_FAMAF_-_ANEXO_I.pdf)

2️⃣ **TRÁMITE A SOLICITUD** (Anexos II y III)
Si las materias tienen *códigos o nombres distintos* pero son equivalentes, tenés que pedir el reconocimiento:

📌 **Materias equivalentes** (Anexo II): Son idénticas en contenido y nombre (ej: *Matemática Discreta I* en Ciencias de la Computación y Matemática Aplicada).
*Mirá la lista completa aquí*: [Anexo II](https://www.famaf.unc.edu.ar/documents/5077/RHCD-2024-397-E-UNC-DEC_FAMAF_-_ANEXO_II.pdf)

📌 **Materias con contenidos equivalentes** (Anexo III): Cubren los mismos temas y se dictan simultáneamente (ej: *Análisis Numérico I* en Matemática y Ciencias de la Computación).
*Descargá el Anexo III acá*: [Anexo III](https://www.famaf.unc.edu.ar/documents/5078/RHCD-2024-397-E-UNC-DEC_FAMAF_-_ANEXO_III.pdf)

💡 **¿Cómo pedir la equivalencia?**
1️⃣ *Completá este formulario* para materias de los Anexos II y III o equivalencias comunes: [Formulario de solicitud](https://forms.gle/bY9kevLfS6by49VA7)
2️⃣ *Si no figura en el formulario*, llená esta *nota* y enviála a *nfigueroa@unc.edu.ar*: [Nota para equivalencias](https://docs.google.com/document/d/1klRjzZnZstC-ES7BbqN3FYl0uB1LzheP/edit)

⚠️ *Importante*: Las respuestas llegan en *15 días hábiles* por correo electrónico.",
¿Cómo saco el certificado de alumno regular?,Cursado,"Para solicitar el certificado de alumno regular, se debe iniciar sesión en Guaraní, dirigirse a ""Trámites"" > ""Solicitar Constancias y Certificados"" > ""Nueva Solicitud""; ahí deberán completar los datos que le solicita el formulario y hacer clic en el botón de guardar. Automáticamente se generará el certificado.","  Si necesitás el *certificado de alumno regular*, seguí estos pasos:

1️⃣ Entrá a *Guaraní*.
2️⃣ Andá a *Trámites* > *Solicitar Constancias y Certificados* > *Nueva Solicitud*.
3️⃣ Completá el formulario con los datos que te piden y guardá.
4️⃣ ¡Listo! El sistema generará el certificado automáticamente. 🎉",
¿Qué tengo que hacer para inscribirme al trabajo especial?,Egreso,"Las inscripciones al trabajo especial se receptarán solo al comienzo de cada cuatrimestre. Debés enviar una nota dirigida al/la Decano/a de FAMAF proponiendo el tema y el/la/los director/a/es, un breve resumen, un plan de trabajo. Además todo debe estar firmado por vos y el/la/los director/a/es.

Si tenes alguna otra duda, podes leer el reglamento del trabajo especial donde podés encontrar toda la información que necesites asociada a este tema:

https://digesto.unc.edu.ar/bitstream/handle/123456789/556139/RHCD-2024-600-UNC-DEC%23FAMAF.pdf?sequence=1&isAllowed=y","📝 *Para inscribirte al trabajo especial*, tenés que presentar una nota dirigida al/la Decano/a de FAMAF al inicio de cada cuatrimestre. En esa nota, tenés que incluir:

🔹 El tema que vas a trabajar.
🔹 El/la/los director/a/es que te van a guiar.
🔹 Un resumen breve.
🔹 Un plan de trabajo.

⚠️ *Importante*: Todo tiene que estar firmado por vos y por el/la/los director/a/es.

💡 *Si necesitás más detalles*, podés leer el *Reglamento del Trabajo Especial* acá: [https://digesto.unc.edu.ar/bitstream/handle/123456789/556139/RHCD-2024-600-UNC-DEC%23FAMAF.pdf?sequence=1&isAllowed=y](https://digesto.unc.edu.ar/bitstream/handle/123456789/556139/RHCD-2024-600-UNC-DEC%23FAMAF.pdf?sequence=1&isAllowed=y)",
¿Dónde encuentro los Planes de Estudio?,Información General,"Los planes de estudio los podés encontrar ingresando al siguiente enlace:

https://www.famaf.unc.edu.ar/academica/grado/

Ahí podrás ver todos los planes de estudio ingresando en la carrera que te interese.","Los planes de estudio están en la web de la FAMAF. 👉 [Entrá acá](https://www.famaf.unc.edu.ar/academica/grado/) y buscá la carrera que te interesa. ¡Ahí vas a encontrar toda la info! 😊

*Si no encontrás lo que buscás, avisame y te ayudo.* 💡",
¿Cuáles son los horarios del Despacho de Estudiantes?,Información General,"Para recibir atención presencial tenes que dirigirte a la ventanilla del Despacho de Estudiantes, ubicada en el primer piso de FAMAF.  

Los horarios de atención son 

Lunes de 8:30 a 14:30 hs
Martes a Jueves de 8:30 a 18:00 hs
Viernes de 8:30 a 17:00 hs

Por consultas vía email: despachoestudiantes@famaf.unc.edu.ar"," ** Si necesitás atención presencial, andá a la ventanilla del *Despacho de Estudiantes* en el *primer piso de FAMAF* 🏫.

📅 *Horarios:*
*Lunes:* 8:30 a 14:30 hs
*Martes a Jueves:* 8:30 a 18:00 hs
*Viernes:* 8:30 a 17:00 hs

📧 *¿Consulta por mail?* Escribí a: [despachoestudiantes@famaf.unc.edu.ar](https://despachoestudiantes@famaf.unc.edu.ar)",
¿Cuál es el correo de la Secretaría de Asuntos Estudiantiles (SAE)?,Información General,El correo electrónico de la SAE es sae@famaf.unc.edu.ar,📧 El correo de la *Secretaría de Asuntos Estudiantiles (SAE)* es: sae@famaf.unc.edu.ar,
¿Cómo se hace el trámite para el Boleto Educativo Gratuito (BEG) o Boleto Educativo Cordobés?,Información General,"Antes que nada, tenés que: 
- Estar inscripto en las materias que vas a cursar durante el cuatrimestre.
- Tener Ciudadano Digital nivel 2.

Luego:

1. Entra a Guaraní.
2. En la pestaña ""Trámites"" dirigite a ""Tramitar Boleto Estudiantil Gratuito"".
3. Autorizar a la Secretaría de Transporte a consultar los datos para el BEG.
4. Acceder al ""Ciudadano Digital"" a través del sitio web https://cidi.cba.gov.ar/portal-publico/
5. Completar el Formulario Único de Postulantes.

De acuerdo a la situación particular de cada uno, se responderá por correo electrónico cómo proceder en cada caso.

Si no hiciste el traspaso a micronauta, debes sacar turno en la Oficina de Transporte para que te entregen la nueva tarjeta ya activada.

Para más información podés consultar: https://www.cba.gov.ar/boleto-cordobes/"," ** Para hacer el trámite del **Boleto Educativo Gratuito (BEG)** o **Boleto Educativo Cordobés**, primero tenés que:

📌 Estar inscripto en las materias que vas a cursar.
📌 Tener *Ciudadano Digital nivel 2*.

📚 *Pasos para tramitarlo:*
1️⃣ Entrá a *Guaraní*.
2️⃣ En la pestaña *""Trámites""*, elegí *""Tramitar Boleto Estudiantil Gratuito""*.
3️⃣ Autorizá a la *Secretaría de Transporte* a consultar tus datos.
4️⃣ Accedé a *Ciudadano Digital* desde [este enlace](https://cidi.cba.gov.ar/portal-publico/).
5️⃣ Completá el *Formulario Único de Postulantes*.

📧 *Después*, te van a responder por correo cómo seguir según tu caso.

⚠️ *Si no hiciste el traspaso a micronauta*, tenés que sacar turno en la *Oficina de Transporte* para que te den la nueva tarjeta activada.

💡 *Más info:* [Boleto Educativo Cordobés](https://www.cba.gov.ar/boleto-cordobes/).",
¿Cómo me inscribo a la Beca del Comedor Universitario (Nutrirse) de la UNC?,Información General,"Para inscribirte a las Becas Nutrirse 2026 del comedor universitario tenes tiempo de hacerlo desde el 23/02 al 02/03 a través de Guaraní.

Para iniciar el trámite deberás: 

1. Ingresar al sistema Guaraní.
2. Dirigirte a la pestaña de ""Trámites"" y seleccionar ""Tramitar Accesos SAE UNC"". Una vez dentro, verificar que la casilla ""Autorizo a la Secretaría de Asuntos Estudiantiles UNC a cosultar mis datos"" esté marcada y hacer clic en ""Guardar"".
3. Desplegar la sección de ""Trámites"" nuevamente y selecciona ""Convocatoria a Becas"".
4. Una vez dentro, seleccionar la convocatoria a la Beca Nutrirse y haga clic en el botón aplicar.
5. Revisar la información proporcionada y si todo es correcto hacer clic en ""Aceptar"".
6. Completar en ""Datos Personales"" todas las secciones y marcar el casillero ""Declaro que mis datos son correctos"", luego hacer clic en el botón ""Continuar"".
7. Adjuntar la documentación digital requerida haciendo clic en ""Documento Digital"" para adjuntar los documentos, luego apretar en ""Examinar"" para seleccionar los documentos en la computadora y una vez seleccionados, hacer clic en ""Subir"". Esto debe hacerse con cada documento marcado como obligatorio y darle a ""Continuar"".
8. Completar el cuestionario que figura en pantalla y darle a ""Terminar"".

Para revisar el estado de la postulación ingresar a ""Convocatoria a Becas"" y visualizar el ""Estado"":
- Requiere modificaciones indica que el postulante debe revisar, corregir, ampliar, volver a adjuntar documentación.
- No benficiaro de becas indica que no es beneficiario de la beca.
- Beneficiario: El postulante ha obtenido la beca solicitada.

Por cualquier duda o consulta, podes revisar los siguiente enlaces que contienen toda la información necesaria, junto con preguntas frecuentes y medios de contacto ante posibles problemas:
https://www.unc.edu.ar/sites/default/files/Tutorial%20Becas%202025.pdf  (instructivo con capturas para inscribirse a la beca, preguntas frecuentes y contacto)
https://www.unc.edu.ar/vida-estudiantil/becas-nutrirse-2026 (información General sobre la postulación a la Beca Nutrirse 2026)"," ** Si estás pensando en inscribirte a la **Beca Nutrirse 2026** del comedor universitario, tenés tiempo desde el **23/02 al 02/03** para hacerlo a través de *Guaraní*. 

📌 *Pasos para inscribirte:*
1️⃣ Ingresá a *Guaraní*.
2️⃣ Andá a la pestaña *""Trámites""* y seleccioná *""Tramitar Accesos SAE UNC""*. Asegurate de que la casilla *""Autorizo a la Secretaría de Asuntos Estudiantiles UNC a consultar mis datos""* esté marcada y hacé clic en *""Guardar""*.
3️⃣ Volvé a la sección *""Trámites""* y seleccioná *""Convocatoria a Becas""*.
4️⃣ Dentro, elegí la convocatoria de la *Beca Nutrirse* y hacé clic en *""Aplicar""*.
5️⃣ Revisá la información y, si todo está bien, hacé clic en *""Aceptar""*.
6️⃣ Completá todos los *Datos Personales* y marcá la opción *""Declaro que mis datos son correctos""*. Luego, hacé clic en *""Continuar""*.
7️⃣ Subí la documentación digital requerida: hacé clic en *""Documento Digital""*, luego en *""Examinar""* para seleccionar los archivos de tu computadora y, una vez elegidos, en *""Subir""*. Repetí este paso con cada documento obligatorio y luego en *""Continuar""*.
8️⃣ Completá el cuestionario que aparece en pantalla y finalizá con *""Terminar""*.

🔍 *¿Cómo saber el estado de tu postulación?*
Ingresá a *""Convocatoria a Becas""* y mirá el *""Estado""*:
  🔹*Requiere modificaciones*: Tenés que revisar, corregir o adjuntar documentación nuevamente.
  🔹*No beneficiario de becas*: No obtuviste la beca.
  🔹*Beneficiario*: ¡Felicitaciones! Obtuviste la beca solicitada.

💡 *¿Necesitás ayuda?*
  🔹[Tutorial Becas 2025](https://www.unc.edu.ar/sites/default/files/Tutorial%20Becas%202025.pdf) (instructivo con capturas, preguntas frecuentes y contacto).
  🔹[Becas Nutrirse 2026](https://www.unc.edu.ar/vida-estudiantil/becas-nutrirse-2026) (información general sobre la postulación).",
¿Cuál es el material de estudio para el curso de ingreso 2026?,Ingreso,"El material de estudio que se usará durante el cursado del Curso de Nivelación lo podés encontrar en el siguiente enlace:

https://www.famaf.unc.edu.ar/documents/4592/Material_Estudio_Ingreso_FAMAF_2024.pdf

El mismo abarca los temas a desarrollar durante las clases, junto con una serie de ejercicios para afianzar los contenidos.","📚 ** El material de estudio para el *Curso de Nivelación 2026* está en este PDF: [Material de Estudio](https://www.famaf.unc.edu.ar/documents/4592/Material_Estudio_Ingreso_FAMAF_2024.pdf).

📌 *Incluye* los temas que verán en clase *y* ejercicios para practicar. ¡Dale una mirada y preparate! 💪",
¿Cuándo se puede rendir el Trabajo Especial?,Egreso,"El Trabajo Especial se puede rendir durante las épocas de exámenes establecidas por la reglamentación vigente.

Para poder rendirlo, el/la estudiante debe presentar una nota dirigida al/a la Decano/a de FAMAF, con el aval de sus directores/as. En esa nota se debe indicar el título definitivo del trabajo, la fecha propuesta para el examen, el tribunal examinador y adjuntar la carátula del trabajo. Además, el estudiante entregará a cada miembro del tribunal examinador una copia impresa del trabajo realizado.

Todo esta presentación deberá efectuarse por lo menos treinta días antes de la fecha de exámen propuesta.

Para más información podés revisar el Reglamento en el siguiente enlace: https://www.famaf.unc.edu.ar/documents/1906/Reglamentaci%C3%B3n_Trabajo_Especial.pdf","**¿Cuándo podés rendir el Trabajo Especial?**

Podés rendirlo durante las épocas de exámenes que establece la facultad. 📅

**Pasos clave para rendir:**
1️⃣ Presentá una nota dirigida al/a la Decano/a de FAMAF, con el aval de tus directores/as.
2️⃣ En la nota, indicá:
   🔹*Título definitivo* del trabajo.
   🔹*Fecha propuesta* para el examen.
   🔹*Tribunal examinador*.
3️⃣ Adjuntá la *carátula* del trabajo.
4️⃣ Entregá una copia impresa del trabajo a cada miembro del tribunal.

⚠️ **Importante:** Hacé toda la presentación *por lo menos 30 días antes* de la fecha del examen.

📚 **Más info:** Revisá el *Reglamento* acá: [https://www.famaf.unc.edu.ar/documents/1906/Reglamentaci%C3%B3n_Trabajo_Especial.pdf](https://www.famaf.unc.edu.ar/documents/1906/Reglamentaci%C3%B3n_Trabajo_Especial.pdf)",
¿Cómo me inscribo en la Biblioteca de FAMAF para retirar libros?,Información General,Para asociarte a la Biblioteca debés acercarte de lunes a viernes de 10 a 12 horas presentando DNI y certificado de alumno regular de la FAMAF (este último podés mostrarlo desde el celular).,"Si querés asociarte a la *Biblioteca de FAMAF* para retirar libros:

📚 **Pasá por la biblioteca** de lunes a viernes de *10 a 12 hs*.
🆔 **Llevá tu DNI** y el *certificado de alumno regular* (podés mostrarlo desde el celular).

¡Listo!",
¿Dónde puedo ver las correlatividades de mi carrera?,Información General,"Para consultar las correlatividades de una carrera, debés ingresar al siguiente enlace:

https://www.famaf.unc.edu.ar/academica/grado/

Una vez allí, seleccioná la carrera que te interese y, dentro de la sección “Características de la Carrera”, vas a encontrar el “Régimen de Correlatividades”, donde se detallan todas las correlatividades."," ** Si querés saber las correlatividades de tu carrera, entrá a este enlace: [https://www.famaf.unc.edu.ar/academica/grado/](https://www.famaf.unc.edu.ar/academica/grado/)

1️⃣ Seleccioná la carrera que te interesa.
2️⃣ Buscá la sección *Características de la Carrera*.
3️⃣ Ahí vas a encontrar el *Régimen de Correlatividades* con todos los detalles.
",
¿Donde puedo consultar la fecha de las colaciones?,Egreso,"Los actos de colación en el año 2026 son el 25 de Junio en el primer cuatrimestre y el 26 de Noviembre para el segundo cuatrimestre.

Podés acceder al Calendario Académico en el siguiente enlace:
https://www.famaf.unc.edu.ar/la-facultad/institucional/secretar%C3%ADas/secretaria-academica/calendario-acad%C3%A9mico/

Allí vas a encontrar información sobre los períodos de cursado, las épocas de exámenes y las fechas de las colaciones correspondientes al año.","📅 Las colaciones de 2026 son el *25 de junio* (primer cuatrimestre) y el *26 de noviembre* (segundo cuatrimestre).

🔍 Para más detalles, podés revisar el *Calendario Académico* en este enlace: [https://www.famaf.unc.edu.ar/la-facultad/institucional/secretar%C3%ADas/secretaria-academica/calendario-acad%C3%A9mico/](https://www.famaf.unc.edu.ar/la-facultad/institucional/secretar%C3%ADas/secretaria-academica/calendario-acad%C3%A9mico/).

Allí vas a encontrar info sobre *períodos de cursado*, *exámenes* y *fechas de colación* del año. 💡",
¿Cuales son los horarios de biblioteca?,Información General,"El horario de atención de la Biblioteca Daniel Oscar Sonzini (FAMAF) es de lunes a viernes, de 8:30 a 18:30 horas.",**Horarios de la Biblioteca Daniel Oscar Sonzini (FAMAF): son de *Lunes a viernes:* **8:30 a 18:30 hs** ,
Descripción de las distintas áreas y secretaría,Información General,"Dirección General de Áreas (DGA)
Tiene a su cargo la coordinación general del personal técnico-administrativo y de servicios de la Facultad. Asiste a las autoridades en la aplicación de políticas vinculadas a recursos humanos y realiza el control de ausentismo del personal.

Área de Enseñanza (ADE)
Es responsable de la gestión académica de grado. Incluye el Despacho de Estudiantes, encargado de inscripciones a materias y exámenes, y la Oficialía, que gestiona actas de exámenes, certificados analíticos, registros de egresados y equivalencias.

Área de Personal y Sueldos (DPS)
Gestiona todo lo relacionado con el personal docente y nodocente. Sus funciones incluyen la liquidación de haberes, la tramitación de licencias, certificaciones, control de asistencia y la administración de la documentación laboral.

Departamento de Informática (DI)
Se ocupa de la infraestructura informática de la Facultad. Analiza necesidades técnicas, define especificaciones para adquisiciones, brinda soporte a los sistemas informáticos institucionales y coordina instalaciones de hardware y redes.

Taller de Mecánica de Precisión
https://www.famaf.unc.edu.ar/la-facultad/institucional/areas-y-departamentos/taller-de-mec%C3%A1nica-de-precisi%C3%B3n/

Taller de Electrónica
Realiza tareas de diseño, construcción, mantenimiento y reparación de equipamiento electrónico. Brinda apoyo técnico a las actividades académicas y de investigación que requieren instrumentación electrónica.

Área de Mantenimiento y Maestranza
Tiene a su cargo el mantenimiento edilicio y los servicios generales del edificio de la Facultad, asegurando el correcto funcionamiento de la infraestructura.

Área de Posgrado
https://www.famaf.unc.edu.ar/la-facultad/institucional/areas-y-departamentos/%C3%A1rea-de-posgrado/
Área Económico-Financiera
Administra los recursos económicos de la Facultad. Sus tareas incluyen tesorería, pagos, rendiciones, conciliaciones bancarias, gestión de proveedores y administración de subsidios y fondos.

Área Administrativa
Centraliza la gestión administrativa general. Incluye mesa de entradas y archivo, Secretaría del Honorable Consejo Directivo, gestión de concursos y evaluación docente.

Biblioteca “Daniel Oscar Sonzini”
Brinda servicios de información y documentación para apoyar la enseñanza, el aprendizaje y la investigación. Gestiona colecciones bibliográficas físicas y digitales, bases de datos académicas y servicios de apoyo a usuarios.","****  Acá te cuento cómo está organizada la FAMAF para que te orientes mejor:

**Dirección General de Áreas (DGA)**
📌 Se encarga de coordinar al personal técnico-administrativo y de servicios. También ayuda a las autoridades con temas de recursos humanos y controla las ausencias del personal.

**Área de Enseñanza (ADE)**
📚 Gestiona todo lo académico de grado. Tiene dos partes clave:
🔹 *Despacho de Estudiantes*: Se ocupa de inscripciones a materias y exámenes.
🔹 *Oficialía*: Maneja actas, certificados analíticos, registros de egresados y equivalencias.

**Área de Personal y Sueldos (DPS)**
💼 Gestiona todo lo relacionado con el personal docente y nodocente. Sus tareas incluyen liquidación de sueldos, licencias, certificaciones, control de asistencia y administración de documentación laboral.

**Departamento de Informática (DI)**
💻 Se ocupa de toda la infraestructura informática. Analiza necesidades técnicas, define especificaciones para compras, brinda soporte a sistemas y coordina instalaciones de hardware y redes.

**Taller de Mecánica de Precisión**
🔧 [Más info aquí](https://www.famaf.unc.edu.ar/la-facultad/institucional/areas-y-departamentos/taller-de-mec%C3%A1nica-de-precisi%C3%B3n/)

**Taller de Electrónica**
🔌 Diseña, construye, mantiene y repara equipamiento electrónico. Apoya a las actividades académicas e investigación que necesitan instrumentación electrónica.

**Área de Mantenimiento y Maestranza**
🏗️ Se encarga del mantenimiento edilicio y servicios generales del edificio.

**Área de Posgrado**
🎓 [Más info aquí](https://www.famaf.unc.edu.ar/la-facultad/institucional/areas-y-departamentos/%C3%A1rea-de-posgrado/)

**Área Económico-Financiera**
💵 Administra los recursos económicos. Sus tareas incluyen tesorería, pagos, rendiciones, conciliaciones bancarias, gestión de proveedores y administración de subsidios y fondos.

**Área Administrativa**
📋 Centraliza la gestión administrativa general. Incluye mesa de entradas, archivo, Secretaría del Honorable Consejo Directivo, gestión de concursos y evaluación docente.

**Biblioteca “Daniel Oscar Sonzini”**
📖 Ofrece servicios de información y documentación para apoyar la enseñanza, el aprendizaje y la investigación. Gestiona colecciones bibliográficas físicas y digitales, bases de datos académicas y servicios de apoyo a usuarios.",
Donde encuentro el plan de estudio de la carrera de Computación,Información General,"Los planes de estudio los podés encontrar ingresando al siguiente enlace:

https://www.famaf.unc.edu.ar/academica/grado/

Ahí podrás ver todos los planes de estudio ingresando en la carrera que te interese.","El plan de estudio de la carrera lo encontrás acá: [https://www.famaf.unc.edu.ar/academica/grado/](https://www.famaf.unc.edu.ar/academica/grado/)

📚 *Dentro de la página, buscá la carrera que te interesa y ahí vas a encontrar toda la info detallada.* 😊",
Donde encuentro el plan de estudio de la carrera de Matemática,Información General,"Los planes de estudio los podés encontrar ingresando al siguiente enlace:

https://www.famaf.unc.edu.ar/academica/grado/

Ahí podrás ver todos los planes de estudio ingresando en la carrera que te interese.","El plan de estudio de la carrera lo encontrás acá: [https://www.famaf.unc.edu.ar/academica/grado/](https://www.famaf.unc.edu.ar/academica/grado/)

📚 *Dentro de la página, buscá la carrera que te interesa y ahí vas a encontrar toda la info detallada.* 😊",
Donde encuentro el plan de estudio de la carrera de Astronomía,Información General,"Los planes de estudio los podés encontrar ingresando al siguiente enlace:

https://www.famaf.unc.edu.ar/academica/grado/

Ahí podrás ver todos los planes de estudio ingresando en la carrera que te interese.","El plan de estudio de la carrera lo encontrás acá: [https://www.famaf.unc.edu.ar/academica/grado/](https://www.famaf.unc.edu.ar/academica/grado/)

📚 *Dentro de la página, buscá la carrera que te interesa y ahí vas a encontrar toda la info detallada.* 😊",
Donde encuentro el plan de estudio de la carrera de Física,Información General,"Los planes de estudio los podés encontrar ingresando al siguiente enlace:

https://www.famaf.unc.edu.ar/academica/grado/

Ahí podrás ver todos los planes de estudio ingresando en la carrera que te interese.","El plan de estudio de la carrera lo encontrás acá: [https://www.famaf.unc.edu.ar/academica/grado/](https://www.famaf.unc.edu.ar/academica/grado/)

📚 *Dentro de la página, buscá la carrera que te interesa y ahí vas a encontrar toda la info detallada.* 😊",
Donde encuentro el plan de estudio de la carrera de Matemática Aplicada,Información General,"Los planes de estudio los podés encontrar ingresando al siguiente enlace:

https://www.famaf.unc.edu.ar/academica/grado/

Ahí podrás ver todos los planes de estudio ingresando en la carrera que te interese.","El plan de estudio de la carrera lo encontrás acá: [https://www.famaf.unc.edu.ar/academica/grado/](https://www.famaf.unc.edu.ar/academica/grado/)

📚 *Dentro de la página, buscá la carrera que te interesa y ahí vas a encontrar toda la info detallada.* 😊",
Donde encuentro el plan de estudio de la carrera de Hidrometeorología,Información General,"Los planes de estudio los podés encontrar ingresando al siguiente enlace:

https://www.famaf.unc.edu.ar/academica/grado/

Ahí podrás ver todos los planes de estudio ingresando en la carrera que te interese.","El plan de estudio de la carrera lo encontrás acá: [https://www.famaf.unc.edu.ar/academica/grado/](https://www.famaf.unc.edu.ar/academica/grado/)

📚 *Dentro de la página, buscá la carrera que te interesa y ahí vas a encontrar toda la info detallada.* 😊",
Donde encuentro el plan de estudio del Profesorado en Matemática,Información General,"Los planes de estudio los podés encontrar ingresando al siguiente enlace:

https://www.famaf.unc.edu.ar/academica/grado/

Ahí podrás ver todos los planes de estudio ingresando en la carrera que te interese.","El plan de estudio de la carrera lo encontrás acá: [https://www.famaf.unc.edu.ar/academica/grado/](https://www.famaf.unc.edu.ar/academica/grado/)

📚 *Dentro de la página, buscá la carrera que te interesa y ahí vas a encontrar toda la info detallada.* 😊",
Donde encuentro el plan de estudio del Profesorado en Física,Información General,"Los planes de estudio los podés encontrar ingresando al siguiente enlace:

https://www.famaf.unc.edu.ar/academica/grado/

Ahí podrás ver todos los planes de estudio ingresando en la carrera que te interese.","El plan de estudio de la carrera lo encontrás acá: [https://www.famaf.unc.edu.ar/academica/grado/](https://www.famaf.unc.edu.ar/academica/grado/)

📚 *Dentro de la página, buscá la carrera que te interesa y ahí vas a encontrar toda la info detallada.* 😊",
Donde encuentro el plan de estudio de Analista en Computación,Información General,"Los planes de estudio los podés encontrar ingresando al siguiente enlace:

https://www.famaf.unc.edu.ar/academica/grado/

Ahí podrás ver todos los planes de estudio ingresando en la carrera que te interese.","El plan de estudio de la carrera lo encontrás acá: [https://www.famaf.unc.edu.ar/academica/grado/](https://www.famaf.unc.edu.ar/academica/grado/)

📚 *Dentro de la página, buscá la carrera que te interesa y ahí vas a encontrar toda la info detallada.* 😊",
Donde encuentro el plan de estudio de Tecnicatura en Matemática Aplicada,Información General,"Los planes de estudio los podés encontrar ingresando al siguiente enlace:

https://www.famaf.unc.edu.ar/academica/grado/

Ahí podrás ver todos los planes de estudio ingresando en la carrera que te interese.","El plan de estudio de la carrera lo encontrás acá: [https://www.famaf.unc.edu.ar/academica/grado/](https://www.famaf.unc.edu.ar/academica/grado/)

📚 *Dentro de la página, buscá la carrera que te interesa y ahí vas a encontrar toda la info detallada.* 😊",
Donde encuentro el plan de estudio de Tecnicatura en Astronomía,Información General,"Los planes de estudio los podés encontrar ingresando al siguiente enlace:

https://www.famaf.unc.edu.ar/academica/grado/

Ahí podrás ver todos los planes de estudio ingresando en la carrera que te interese.","El plan de estudio de la carrera lo encontrás acá: [https://www.famaf.unc.edu.ar/academica/grado/](https://www.famaf.unc.edu.ar/academica/grado/)

📚 *Dentro de la página, buscá la carrera que te interesa y ahí vas a encontrar toda la info detallada.* 😊",
¿Cómo me inscribo para rendir el examen final de Álgebra?,Exámenes,"Ingresá a Guaraní. Una vez dentro, seleccioná la opción ""Inscripción a Exámenes"", elegí la materia a la cual quieras inscribirte para rendir, después seleccioná en el menú desplegable si querés inscribirte al examen como libre o regular, y luego hacé clic en ""Inscribirse""."," ** Para inscribirte al final debes seguir los siguientes pasos:

1️⃣ Entrá a [Guaraní](https://guarani.unc.edu.ar) con tu usuario y contraseña.
2️⃣ Buscá la opción *Inscripción a Exámenes* y hacé clic.
3️⃣ Seleccioná la materia.
4️⃣ En el menú que aparece, elegí si rendís como *libre* o *regular*.
5️⃣ Por último, presioná el botón *Inscribirse*.

¡Mucha suerte! 🍀",
¿Cómo me inscribo para rendir el examen final de Análisis Matemático?,Exámenes,"Ingresá a Guaraní. Una vez dentro, seleccioná la opción ""Inscripción a Exámenes"", elegí la materia a la cual quieras inscribirte para rendir, después seleccioná en el menú desplegable si querés inscribirte al examen como libre o regular, y luego hacé clic en ""Inscribirse""."," ** Para inscribirte al final debes seguir los siguientes pasos:

1️⃣ Entrá a [Guaraní](https://guarani.unc.edu.ar) con tu usuario y contraseña.
2️⃣ Buscá la opción *Inscripción a Exámenes* y hacé clic.
3️⃣ Seleccioná la materia.
4️⃣ En el menú que aparece, elegí si rendís como *libre* o *regular*.
5️⃣ Por último, presioná el botón *Inscribirse*.

¡Mucha suerte! 🍀",
¿Cómo me inscribo para rendir el examen final de Introducción a la Física?,Exámenes,"Ingresá a Guaraní. Una vez dentro, seleccioná la opción ""Inscripción a Exámenes"", elegí la materia a la cual quieras inscribirte para rendir, después seleccioná en el menú desplegable si querés inscribirte al examen como libre o regular, y luego hacé clic en ""Inscribirse""."," ** Para inscribirte al final debes seguir los siguientes pasos:

1️⃣ Entrá a [Guaraní](https://guarani.unc.edu.ar) con tu usuario y contraseña.
2️⃣ Buscá la opción *Inscripción a Exámenes* y hacé clic.
3️⃣ Seleccioná la materia.
4️⃣ En el menú que aparece, elegí si rendís como *libre* o *regular*.
5️⃣ Por último, presioná el botón *Inscribirse*.

¡Mucha suerte! 🍀",
¿Cómo me inscribo para rendir el examen final de Física General?,Exámenes,"Ingresá a Guaraní. Una vez dentro, seleccioná la opción ""Inscripción a Exámenes"", elegí la materia a la cual quieras inscribirte para rendir, después seleccioná en el menú desplegable si querés inscribirte al examen como libre o regular, y luego hacé clic en ""Inscribirse""."," ** Para inscribirte al final debes seguir los siguientes pasos:

1️⃣ Entrá a [Guaraní](https://guarani.unc.edu.ar) con tu usuario y contraseña.
2️⃣ Buscá la opción *Inscripción a Exámenes* y hacé clic.
3️⃣ Seleccioná la materia.
4️⃣ En el menú que aparece, elegí si rendís como *libre* o *regular*.
5️⃣ Por último, presioná el botón *Inscribirse*.

¡Mucha suerte! 🍀",
¿Cómo me inscribo para rendir el examen final de Álgebra II?,Exámenes,"Ingresá a Guaraní. Una vez dentro, seleccioná la opción ""Inscripción a Exámenes"", elegí la materia a la cual quieras inscribirte para rendir, después seleccioná en el menú desplegable si querés inscribirte al examen como libre o regular, y luego hacé clic en ""Inscribirse""."," ** Para inscribirte al final debes seguir los siguientes pasos:

1️⃣ Entrá a [Guaraní](https://guarani.unc.edu.ar) con tu usuario y contraseña.
2️⃣ Buscá la opción *Inscripción a Exámenes* y hacé clic.
3️⃣ Seleccioná la materia.
4️⃣ En el menú que aparece, elegí si rendís como *libre* o *regular*.
5️⃣ Por último, presioná el botón *Inscribirse*.

¡Mucha suerte! 🍀",
¿Cómo me inscribo para rendir el examen final de Análisis Numérico II?,Exámenes,"Ingresá a Guaraní. Una vez dentro, seleccioná la opción ""Inscripción a Exámenes"", elegí la materia a la cual quieras inscribirte para rendir, después seleccioná en el menú desplegable si querés inscribirte al examen como libre o regular, y luego hacé clic en ""Inscribirse""."," ** Para inscribirte al final debes seguir los siguientes pasos:

1️⃣ Entrá a [Guaraní](https://guarani.unc.edu.ar) con tu usuario y contraseña.
2️⃣ Buscá la opción *Inscripción a Exámenes* y hacé clic.
3️⃣ Seleccioná la materia.
4️⃣ En el menú que aparece, elegí si rendís como *libre* o *regular*.
5️⃣ Por último, presioná el botón *Inscribirse*.

¡Mucha suerte! 🍀",
¿Cómo me inscribo para rendir el examen final de Geometría Diferencial?,Exámenes,"Ingresá a Guaraní. Una vez dentro, seleccioná la opción ""Inscripción a Exámenes"", elegí la materia a la cual quieras inscribirte para rendir, después seleccioná en el menú desplegable si querés inscribirte al examen como libre o regular, y luego hacé clic en ""Inscribirse""."," ** Para inscribirte al final debes seguir los siguientes pasos:

1️⃣ Entrá a [Guaraní](https://guarani.unc.edu.ar) con tu usuario y contraseña.
2️⃣ Buscá la opción *Inscripción a Exámenes* y hacé clic.
3️⃣ Seleccioná la materia.
4️⃣ En el menú que aparece, elegí si rendís como *libre* o *regular*.
5️⃣ Por último, presioná el botón *Inscribirse*.

¡Mucha suerte! 🍀",
¿Cómo me inscribo para rendir el examen final de Probabilidad?,Exámenes,"Ingresá a Guaraní. Una vez dentro, seleccioná la opción ""Inscripción a Exámenes"", elegí la materia a la cual quieras inscribirte para rendir, después seleccioná en el menú desplegable si querés inscribirte al examen como libre o regular, y luego hacé clic en ""Inscribirse""."," ** Para inscribirte al final debes seguir los siguientes pasos:

1️⃣ Entrá a [Guaraní](https://guarani.unc.edu.ar) con tu usuario y contraseña.
2️⃣ Buscá la opción *Inscripción a Exámenes* y hacé clic.
3️⃣ Seleccioná la materia.
4️⃣ En el menú que aparece, elegí si rendís como *libre* o *regular*.
5️⃣ Por último, presioná el botón *Inscribirse*.

¡Mucha suerte! 🍀",
¿Cómo me inscribo para rendir el examen final de Análisis Numérico I?,Exámenes,"Ingresá a Guaraní. Una vez dentro, seleccioná la opción ""Inscripción a Exámenes"", elegí la materia a la cual quieras inscribirte para rendir, después seleccioná en el menú desplegable si querés inscribirte al examen como libre o regular, y luego hacé clic en ""Inscribirse""."," ** Para inscribirte al final debes seguir los siguientes pasos:

1️⃣ Entrá a [Guaraní](https://guarani.unc.edu.ar) con tu usuario y contraseña.
2️⃣ Buscá la opción *Inscripción a Exámenes* y hacé clic.
3️⃣ Seleccioná la materia.
4️⃣ En el menú que aparece, elegí si rendís como *libre* o *regular*.
5️⃣ Por último, presioná el botón *Inscribirse*.

¡Mucha suerte! 🍀",
¿Cómo me inscribo para rendir el examen final de Análisis Matemático III?,Exámenes,"Ingresá a Guaraní. Una vez dentro, seleccioná la opción ""Inscripción a Exámenes"", elegí la materia a la cual quieras inscribirte para rendir, después seleccioná en el menú desplegable si querés inscribirte al examen como libre o regular, y luego hacé clic en ""Inscribirse""."," ** Para inscribirte al final debes seguir los siguientes pasos:

1️⃣ Entrá a [Guaraní](https://guarani.unc.edu.ar) con tu usuario y contraseña.
2️⃣ Buscá la opción *Inscripción a Exámenes* y hacé clic.
3️⃣ Seleccioná la materia.
4️⃣ En el menú que aparece, elegí si rendís como *libre* o *regular*.
5️⃣ Por último, presioná el botón *Inscribirse*.

¡Mucha suerte! 🍀",
¿Cómo me inscribo para rendir el examen final de Álgebra III?,Exámenes,"Ingresá a Guaraní. Una vez dentro, seleccioná la opción ""Inscripción a Exámenes"", elegí la materia a la cual quieras inscribirte para rendir, después seleccioná en el menú desplegable si querés inscribirte al examen como libre o regular, y luego hacé clic en ""Inscribirse""."," ** Para inscribirte al final debes seguir los siguientes pasos:

1️⃣ Entrá a [Guaraní](https://guarani.unc.edu.ar) con tu usuario y contraseña.
2️⃣ Buscá la opción *Inscripción a Exámenes* y hacé clic.
3️⃣ Seleccioná la materia.
4️⃣ En el menú que aparece, elegí si rendís como *libre* o *regular*.
5️⃣ Por último, presioná el botón *Inscribirse*.

¡Mucha suerte! 🍀",
¿Cómo me inscribo para rendir el examen final de Análisis Matemático II?,Exámenes,"Ingresá a Guaraní. Una vez dentro, seleccioná la opción ""Inscripción a Exámenes"", elegí la materia a la cual quieras inscribirte para rendir, después seleccioná en el menú desplegable si querés inscribirte al examen como libre o regular, y luego hacé clic en ""Inscribirse""."," ** Para inscribirte al final debes seguir los siguientes pasos:

1️⃣ Entrá a [Guaraní](https://guarani.unc.edu.ar) con tu usuario y contraseña.
2️⃣ Buscá la opción *Inscripción a Exámenes* y hacé clic.
3️⃣ Seleccioná la materia.
4️⃣ En el menú que aparece, elegí si rendís como *libre* o *regular*.
5️⃣ Por último, presioná el botón *Inscribirse*.

¡Mucha suerte! 🍀",
¿Cómo me inscribo para rendir el examen final de Seminarios Astronómicos?,Exámenes,"Ingresá a Guaraní. Una vez dentro, seleccioná la opción ""Inscripción a Exámenes"", elegí la materia a la cual quieras inscribirte para rendir, después seleccioná en el menú desplegable si querés inscribirte al examen como libre o regular, y luego hacé clic en ""Inscribirse""."," ** Para inscribirte al final debes seguir los siguientes pasos:

1️⃣ Entrá a [Guaraní](https://guarani.unc.edu.ar) con tu usuario y contraseña.
2️⃣ Buscá la opción *Inscripción a Exámenes* y hacé clic.
3️⃣ Seleccioná la materia.
4️⃣ En el menú que aparece, elegí si rendís como *libre* o *regular*.
5️⃣ Por último, presioná el botón *Inscribirse*.

¡Mucha suerte! 🍀",
¿Cómo me inscribo para rendir el examen final de Física Experimental?,Exámenes,"Ingresá a Guaraní. Una vez dentro, seleccioná la opción ""Inscripción a Exámenes"", elegí la materia a la cual quieras inscribirte para rendir, después seleccioná en el menú desplegable si querés inscribirte al examen como libre o regular, y luego hacé clic en ""Inscribirse""."," ** Para inscribirte al final debes seguir los siguientes pasos:

1️⃣ Entrá a [Guaraní](https://guarani.unc.edu.ar) con tu usuario y contraseña.
2️⃣ Buscá la opción *Inscripción a Exámenes* y hacé clic.
3️⃣ Seleccioná la materia.
4️⃣ En el menú que aparece, elegí si rendís como *libre* o *regular*.
5️⃣ Por último, presioná el botón *Inscribirse*.

¡Mucha suerte! 🍀",
¿Cómo me inscribo para rendir el examen final de Física General II ?,Exámenes,"Ingresá a Guaraní. Una vez dentro, seleccioná la opción ""Inscripción a Exámenes"", elegí la materia a la cual quieras inscribirte para rendir, después seleccioná en el menú desplegable si querés inscribirte al examen como libre o regular, y luego hacé clic en ""Inscribirse""."," ** Para inscribirte al final debes seguir los siguientes pasos:

1️⃣ Entrá a [Guaraní](https://guarani.unc.edu.ar) con tu usuario y contraseña.
2️⃣ Buscá la opción *Inscripción a Exámenes* y hacé clic.
3️⃣ Seleccioná la materia.
4️⃣ En el menú que aparece, elegí si rendís como *libre* o *regular*.
5️⃣ Por último, presioná el botón *Inscribirse*.

¡Mucha suerte! 🍀",
¿Cómo me inscribo para rendir el examen final de Astronomía General?,Exámenes,"Ingresá a Guaraní. Una vez dentro, seleccioná la opción ""Inscripción a Exámenes"", elegí la materia a la cual quieras inscribirte para rendir, después seleccioná en el menú desplegable si querés inscribirte al examen como libre o regular, y luego hacé clic en ""Inscribirse""."," ** Para inscribirte al final debes seguir los siguientes pasos:

1️⃣ Entrá a [Guaraní](https://guarani.unc.edu.ar) con tu usuario y contraseña.
2️⃣ Buscá la opción *Inscripción a Exámenes* y hacé clic.
3️⃣ Seleccioná la materia.
4️⃣ En el menú que aparece, elegí si rendís como *libre* o *regular*.
5️⃣ Por último, presioná el botón *Inscribirse*.

¡Mucha suerte! 🍀",
¿Cómo me inscribo para rendir el examen final de Métodos Matemáticos de la Física?,Exámenes,"Ingresá a Guaraní. Una vez dentro, seleccioná la opción ""Inscripción a Exámenes"", elegí la materia a la cual quieras inscribirte para rendir, después seleccioná en el menú desplegable si querés inscribirte al examen como libre o regular, y luego hacé clic en ""Inscribirse""."," ** Para inscribirte al final debes seguir los siguientes pasos:

1️⃣ Entrá a [Guaraní](https://guarani.unc.edu.ar) con tu usuario y contraseña.
2️⃣ Buscá la opción *Inscripción a Exámenes* y hacé clic.
3️⃣ Seleccioná la materia.
4️⃣ En el menú que aparece, elegí si rendís como *libre* o *regular*.
5️⃣ Por último, presioná el botón *Inscribirse*.

¡Mucha suerte! 🍀",
¿Cómo me inscribo para rendir el examen final de Física Experimental II?,Exámenes,"Ingresá a Guaraní. Una vez dentro, seleccioná la opción ""Inscripción a Exámenes"", elegí la materia a la cual quieras inscribirte para rendir, después seleccioná en el menú desplegable si querés inscribirte al examen como libre o regular, y luego hacé clic en ""Inscribirse""."," ** Para inscribirte al final debes seguir los siguientes pasos:

1️⃣ Entrá a [Guaraní](https://guarani.unc.edu.ar) con tu usuario y contraseña.
2️⃣ Buscá la opción *Inscripción a Exámenes* y hacé clic.
3️⃣ Seleccioná la materia.
4️⃣ En el menú que aparece, elegí si rendís como *libre* o *regular*.
5️⃣ Por último, presioná el botón *Inscribirse*.

¡Mucha suerte! 🍀",
¿Cómo me inscribo para rendir el examen final de Métodos Numéricos?,Exámenes,"Ingresá a Guaraní. Una vez dentro, seleccioná la opción ""Inscripción a Exámenes"", elegí la materia a la cual quieras inscribirte para rendir, después seleccioná en el menú desplegable si querés inscribirte al examen como libre o regular, y luego hacé clic en ""Inscribirse""."," ** Para inscribirte al final debes seguir los siguientes pasos:

1️⃣ Entrá a [Guaraní](https://guarani.unc.edu.ar) con tu usuario y contraseña.
2️⃣ Buscá la opción *Inscripción a Exámenes* y hacé clic.
3️⃣ Seleccioná la materia.
4️⃣ En el menú que aparece, elegí si rendís como *libre* o *regular*.
5️⃣ Por último, presioná el botón *Inscribirse*.

¡Mucha suerte! 🍀",
¿Cómo me inscribo para rendir el examen final de Introducción a los Algoritmos?,Exámenes,"Ingresá a Guaraní. Una vez dentro, seleccioná la opción ""Inscripción a Exámenes"", elegí la materia a la cual quieras inscribirte para rendir, después seleccioná en el menú desplegable si querés inscribirte al examen como libre o regular, y luego hacé clic en ""Inscribirse""."," ** Para inscribirte al final debes seguir los siguientes pasos:

1️⃣ Entrá a [Guaraní](https://guarani.unc.edu.ar) con tu usuario y contraseña.
2️⃣ Buscá la opción *Inscripción a Exámenes* y hacé clic.
3️⃣ Seleccioná la materia.
4️⃣ En el menú que aparece, elegí si rendís como *libre* o *regular*.
5️⃣ Por último, presioná el botón *Inscribirse*.

¡Mucha suerte! 🍀",
¿Cómo me inscribo para rendir el examen final de Matemática Discreta ?,Exámenes,"Ingresá a Guaraní. Una vez dentro, seleccioná la opción ""Inscripción a Exámenes"", elegí la materia a la cual quieras inscribirte para rendir, después seleccioná en el menú desplegable si querés inscribirte al examen como libre o regular, y luego hacé clic en ""Inscribirse""."," ** Para inscribirte al final debes seguir los siguientes pasos:

1️⃣ Entrá a [Guaraní](https://guarani.unc.edu.ar) con tu usuario y contraseña.
2️⃣ Buscá la opción *Inscripción a Exámenes* y hacé clic.
3️⃣ Seleccioná la materia.
4️⃣ En el menú que aparece, elegí si rendís como *libre* o *regular*.
5️⃣ Por último, presioná el botón *Inscribirse*.

¡Mucha suerte! 🍀",
Cómo me inscribo para rendir el examen final de Algoritmos y Estructuras de Datos ?,Exámenes,"Ingresá a Guaraní. Una vez dentro, seleccioná la opción ""Inscripción a Exámenes"", elegí la materia a la cual quieras inscribirte para rendir, después seleccioná en el menú desplegable si querés inscribirte al examen como libre o regular, y luego hacé clic en ""Inscribirse""."," ** Para inscribirte al final debes seguir los siguientes pasos:

1️⃣ Entrá a [Guaraní](https://guarani.unc.edu.ar) con tu usuario y contraseña.
2️⃣ Buscá la opción *Inscripción a Exámenes* y hacé clic.
3️⃣ Seleccioná la materia.
4️⃣ En el menú que aparece, elegí si rendís como *libre* o *regular*.
5️⃣ Por último, presioná el botón *Inscribirse*.

¡Mucha suerte! 🍀",
¿Cómo me inscribo para rendir el examen final de Algoritmos y Estructuras de Datos II ?,Exámenes,"Ingresá a Guaraní. Una vez dentro, seleccioná la opción ""Inscripción a Exámenes"", elegí la materia a la cual quieras inscribirte para rendir, después seleccioná en el menú desplegable si querés inscribirte al examen como libre o regular, y luego hacé clic en ""Inscribirse""."," ** Para inscribirte al final debes seguir los siguientes pasos:

1️⃣ Entrá a [Guaraní](https://guarani.unc.edu.ar) con tu usuario y contraseña.
2️⃣ Buscá la opción *Inscripción a Exámenes* y hacé clic.
3️⃣ Seleccioná la materia.
4️⃣ En el menú que aparece, elegí si rendís como *libre* o *regular*.
5️⃣ Por último, presioná el botón *Inscribirse*.

¡Mucha suerte! 🍀",
¿Cómo me inscribo para rendir el examen final de Probabilidad y Estadística?,Exámenes,"Ingresá a Guaraní. Una vez dentro, seleccioná la opción ""Inscripción a Exámenes"", elegí la materia a la cual quieras inscribirte para rendir, después seleccioná en el menú desplegable si querés inscribirte al examen como libre o regular, y luego hacé clic en ""Inscribirse""."," ** Para inscribirte al final debes seguir los siguientes pasos:

1️⃣ Entrá a [Guaraní](https://guarani.unc.edu.ar) con tu usuario y contraseña.
2️⃣ Buscá la opción *Inscripción a Exámenes* y hacé clic.
3️⃣ Seleccioná la materia.
4️⃣ En el menú que aparece, elegí si rendís como *libre* o *regular*.
5️⃣ Por último, presioná el botón *Inscribirse*.

¡Mucha suerte! 🍀",
¿Cómo me inscribo para rendir el examen final de Organización del Computador?,Exámenes,"Ingresá a Guaraní. Una vez dentro, seleccioná la opción ""Inscripción a Exámenes"", elegí la materia a la cual quieras inscribirte para rendir, después seleccioná en el menú desplegable si querés inscribirte al examen como libre o regular, y luego hacé clic en ""Inscribirse""."," ** Para inscribirte al final debes seguir los siguientes pasos:

1️⃣ Entrá a [Guaraní](https://guarani.unc.edu.ar) con tu usuario y contraseña.
2️⃣ Buscá la opción *Inscripción a Exámenes* y hacé clic.
3️⃣ Seleccioná la materia.
4️⃣ En el menú que aparece, elegí si rendís como *libre* o *regular*.
5️⃣ Por último, presioná el botón *Inscribirse*.

¡Mucha suerte! 🍀",
¿Cómo me inscribo para rendir el examen final de Probabilidad y Estadística ?,Exámenes,"Ingresá a Guaraní. Una vez dentro, seleccioná la opción ""Inscripción a Exámenes"", elegí la materia a la cual quieras inscribirte para rendir, después seleccioná en el menú desplegable si querés inscribirte al examen como libre o regular, y luego hacé clic en ""Inscribirse""."," ** Para inscribirte al final debes seguir los siguientes pasos:

1️⃣ Entrá a [Guaraní](https://guarani.unc.edu.ar) con tu usuario y contraseña.
2️⃣ Buscá la opción *Inscripción a Exámenes* y hacé clic.
3️⃣ Seleccioná la materia.
4️⃣ En el menú que aparece, elegí si rendís como *libre* o *regular*.
5️⃣ Por último, presioná el botón *Inscribirse*.

¡Mucha suerte! 🍀",
¿Cómo me inscribo para rendir el examen final de Introducción a la Lógica y la Computación ?,Exámenes,"Ingresá a Guaraní. Una vez dentro, seleccioná la opción ""Inscripción a Exámenes"", elegí la materia a la cual quieras inscribirte para rendir, después seleccioná en el menú desplegable si querés inscribirte al examen como libre o regular, y luego hacé clic en ""Inscribirse""."," ** Para inscribirte al final debes seguir los siguientes pasos:

1️⃣ Entrá a [Guaraní](https://guarani.unc.edu.ar) con tu usuario y contraseña.
2️⃣ Buscá la opción *Inscripción a Exámenes* y hacé clic.
3️⃣ Seleccioná la materia.
4️⃣ En el menú que aparece, elegí si rendís como *libre* o *regular*.
5️⃣ Por último, presioná el botón *Inscribirse*.

¡Mucha suerte! 🍀",
¿Cómo me inscribo para rendir el examen final de intro a la logica ?,Exámenes,"Ingresá a Guaraní. Una vez dentro, seleccioná la opción ""Inscripción a Exámenes"", elegí la materia a la cual quieras inscribirte para rendir, después seleccioná en el menú desplegable si querés inscribirte al examen como libre o regular, y luego hacé clic en ""Inscribirse""."," ** Para inscribirte al final debes seguir los siguientes pasos:

1️⃣ Entrá a [Guaraní](https://guarani.unc.edu.ar) con tu usuario y contraseña.
2️⃣ Buscá la opción *Inscripción a Exámenes* y hacé clic.
3️⃣ Seleccioná la materia.
4️⃣ En el menú que aparece, elegí si rendís como *libre* o *regular*.
5️⃣ Por último, presioná el botón *Inscribirse*.

¡Mucha suerte! 🍀",
¿Cómo me inscribo para rendir el examen final de Sistemas Operativos ?,Exámenes,"Ingresá a Guaraní. Una vez dentro, seleccioná la opción ""Inscripción a Exámenes"", elegí la materia a la cual quieras inscribirte para rendir, después seleccioná en el menú desplegable si querés inscribirte al examen como libre o regular, y luego hacé clic en ""Inscribirse""."," ** Para inscribirte al final debes seguir los siguientes pasos:

1️⃣ Entrá a [Guaraní](https://guarani.unc.edu.ar) con tu usuario y contraseña.
2️⃣ Buscá la opción *Inscripción a Exámenes* y hacé clic.
3️⃣ Seleccioná la materia.
4️⃣ En el menú que aparece, elegí si rendís como *libre* o *regular*.
5️⃣ Por último, presioná el botón *Inscribirse*.

¡Mucha suerte! 🍀",
¿Cómo me inscribo para rendir el examen final de Algoritmos y Programación?,Exámenes,"Ingresá a Guaraní. Una vez dentro, seleccioná la opción ""Inscripción a Exámenes"", elegí la materia a la cual quieras inscribirte para rendir, después seleccioná en el menú desplegable si querés inscribirte al examen como libre o regular, y luego hacé clic en ""Inscribirse""."," ** Para inscribirte al final debes seguir los siguientes pasos:

1️⃣ Entrá a [Guaraní](https://guarani.unc.edu.ar) con tu usuario y contraseña.
2️⃣ Buscá la opción *Inscripción a Exámenes* y hacé clic.
3️⃣ Seleccioná la materia.
4️⃣ En el menú que aparece, elegí si rendís como *libre* o *regular*.
5️⃣ Por último, presioná el botón *Inscribirse*.

¡Mucha suerte! 🍀",
¿Cómo me inscribo para rendir el examen final de Cálculo ?,Exámenes,"Ingresá a Guaraní. Una vez dentro, seleccioná la opción ""Inscripción a Exámenes"", elegí la materia a la cual quieras inscribirte para rendir, después seleccioná en el menú desplegable si querés inscribirte al examen como libre o regular, y luego hacé clic en ""Inscribirse""."," ** Para inscribirte al final debes seguir los siguientes pasos:

1️⃣ Entrá a [Guaraní](https://guarani.unc.edu.ar) con tu usuario y contraseña.
2️⃣ Buscá la opción *Inscripción a Exámenes* y hacé clic.
3️⃣ Seleccioná la materia.
4️⃣ En el menú que aparece, elegí si rendís como *libre* o *regular*.
5️⃣ Por último, presioná el botón *Inscribirse*.

¡Mucha suerte! 🍀",
¿Cómo me inscribo para rendir el examen final de Cálculo II?,Exámenes,"Ingresá a Guaraní. Una vez dentro, seleccioná la opción ""Inscripción a Exámenes"", elegí la materia a la cual quieras inscribirte para rendir, después seleccioná en el menú desplegable si querés inscribirte al examen como libre o regular, y luego hacé clic en ""Inscribirse""."," ** Para inscribirte al final debes seguir los siguientes pasos:

1️⃣ Entrá a [Guaraní](https://guarani.unc.edu.ar) con tu usuario y contraseña.
2️⃣ Buscá la opción *Inscripción a Exámenes* y hacé clic.
3️⃣ Seleccioná la materia.
4️⃣ En el menú que aparece, elegí si rendís como *libre* o *regular*.
5️⃣ Por último, presioná el botón *Inscribirse*.

¡Mucha suerte! 🍀",
¿Cómo me inscribo para rendir el examen final de Álgebra Lineal?,Exámenes,"Ingresá a Guaraní. Una vez dentro, seleccioná la opción ""Inscripción a Exámenes"", elegí la materia a la cual quieras inscribirte para rendir, después seleccioná en el menú desplegable si querés inscribirte al examen como libre o regular, y luego hacé clic en ""Inscribirse""."," ** Para inscribirte al final debes seguir los siguientes pasos:

1️⃣ Entrá a [Guaraní](https://guarani.unc.edu.ar) con tu usuario y contraseña.
2️⃣ Buscá la opción *Inscripción a Exámenes* y hacé clic.
3️⃣ Seleccioná la materia.
4️⃣ En el menú que aparece, elegí si rendís como *libre* o *regular*.
5️⃣ Por último, presioná el botón *Inscribirse*.

¡Mucha suerte! 🍀",
¿Cómo me inscribo para rendir el examen final de Física ?,Exámenes,"Ingresá a Guaraní. Una vez dentro, seleccioná la opción ""Inscripción a Exámenes"", elegí la materia a la cual quieras inscribirte para rendir, después seleccioná en el menú desplegable si querés inscribirte al examen como libre o regular, y luego hacé clic en ""Inscribirse""."," ** Para inscribirte al final debes seguir los siguientes pasos:

1️⃣ Entrá a [Guaraní](https://guarani.unc.edu.ar) con tu usuario y contraseña.
2️⃣ Buscá la opción *Inscripción a Exámenes* y hacé clic.
3️⃣ Seleccioná la materia.
4️⃣ En el menú que aparece, elegí si rendís como *libre* o *regular*.
5️⃣ Por último, presioná el botón *Inscribirse*.

¡Mucha suerte! 🍀",
¿Cómo me inscribo para rendir el examen final de Física II?,Exámenes,"Ingresá a Guaraní. Una vez dentro, seleccioná la opción ""Inscripción a Exámenes"", elegí la materia a la cual quieras inscribirte para rendir, después seleccioná en el menú desplegable si querés inscribirte al examen como libre o regular, y luego hacé clic en ""Inscribirse""."," ** Para inscribirte al final debes seguir los siguientes pasos:

1️⃣ Entrá a [Guaraní](https://guarani.unc.edu.ar) con tu usuario y contraseña.
2️⃣ Buscá la opción *Inscripción a Exámenes* y hacé clic.
3️⃣ Seleccioná la materia.
4️⃣ En el menú que aparece, elegí si rendís como *libre* o *regular*.
5️⃣ Por último, presioná el botón *Inscribirse*.

¡Mucha suerte! 🍀",
¿Cómo me inscribo para rendir el examen final de Cálculo Vectorial?,Exámenes,"Ingresá a Guaraní. Una vez dentro, seleccioná la opción ""Inscripción a Exámenes"", elegí la materia a la cual quieras inscribirte para rendir, después seleccioná en el menú desplegable si querés inscribirte al examen como libre o regular, y luego hacé clic en ""Inscribirse""."," ** Para inscribirte al final debes seguir los siguientes pasos:

1️⃣ Entrá a [Guaraní](https://guarani.unc.edu.ar) con tu usuario y contraseña.
2️⃣ Buscá la opción *Inscripción a Exámenes* y hacé clic.
3️⃣ Seleccioná la materia.
4️⃣ En el menú que aparece, elegí si rendís como *libre* o *regular*.
5️⃣ Por último, presioná el botón *Inscribirse*.

¡Mucha suerte! 🍀",
¿Cómo me inscribo para rendir el examen final de Funciones Complejas?,Exámenes,"Ingresá a Guaraní. Una vez dentro, seleccioná la opción ""Inscripción a Exámenes"", elegí la materia a la cual quieras inscribirte para rendir, después seleccioná en el menú desplegable si querés inscribirte al examen como libre o regular, y luego hacé clic en ""Inscribirse""."," ** Para inscribirte al final debes seguir los siguientes pasos:

1️⃣ Entrá a [Guaraní](https://guarani.unc.edu.ar) con tu usuario y contraseña.
2️⃣ Buscá la opción *Inscripción a Exámenes* y hacé clic.
3️⃣ Seleccioná la materia.
4️⃣ En el menú que aparece, elegí si rendís como *libre* o *regular*.
5️⃣ Por último, presioná el botón *Inscribirse*.

¡Mucha suerte! 🍀",
¿Cómo me inscribo para rendir el examen final de Complementos de Álgebra Lineal?,Exámenes,"Ingresá a Guaraní. Una vez dentro, seleccioná la opción ""Inscripción a Exámenes"", elegí la materia a la cual quieras inscribirte para rendir, después seleccioná en el menú desplegable si querés inscribirte al examen como libre o regular, y luego hacé clic en ""Inscribirse""."," ** Para inscribirte al final debes seguir los siguientes pasos:

1️⃣ Entrá a [Guaraní](https://guarani.unc.edu.ar) con tu usuario y contraseña.
2️⃣ Buscá la opción *Inscripción a Exámenes* y hacé clic.
3️⃣ Seleccioná la materia.
4️⃣ En el menú que aparece, elegí si rendís como *libre* o *regular*.
5️⃣ Por último, presioná el botón *Inscribirse*.

¡Mucha suerte! 🍀",
¿Cómo me inscribo para rendir el examen final de Psicología del Aprendizaje?,Exámenes,"Ingresá a Guaraní. Una vez dentro, seleccioná la opción ""Inscripción a Exámenes"", elegí la materia a la cual quieras inscribirte para rendir, después seleccioná en el menú desplegable si querés inscribirte al examen como libre o regular, y luego hacé clic en ""Inscribirse""."," ** Para inscribirte al final debes seguir los siguientes pasos:

1️⃣ Entrá a [Guaraní](https://guarani.unc.edu.ar) con tu usuario y contraseña.
2️⃣ Buscá la opción *Inscripción a Exámenes* y hacé clic.
3️⃣ Seleccioná la materia.
4️⃣ En el menú que aparece, elegí si rendís como *libre* o *regular*.
5️⃣ Por último, presioná el botón *Inscribirse*.

¡Mucha suerte! 🍀",
¿Cómo me inscribo para rendir el examen final de Elementos de Física ?,Exámenes,"Ingresá a Guaraní. Una vez dentro, seleccioná la opción ""Inscripción a Exámenes"", elegí la materia a la cual quieras inscribirte para rendir, después seleccioná en el menú desplegable si querés inscribirte al examen como libre o regular, y luego hacé clic en ""Inscribirse""."," ** Para inscribirte al final debes seguir los siguientes pasos:

1️⃣ Entrá a [Guaraní](https://guarani.unc.edu.ar) con tu usuario y contraseña.
2️⃣ Buscá la opción *Inscripción a Exámenes* y hacé clic.
3️⃣ Seleccioná la materia.
4️⃣ En el menú que aparece, elegí si rendís como *libre* o *regular*.
5️⃣ Por último, presioná el botón *Inscribirse*.

¡Mucha suerte! 🍀",
¿Cómo me inscribo para rendir el examen final de Pedagogía ?,Exámenes,"Ingresá a Guaraní. Una vez dentro, seleccioná la opción ""Inscripción a Exámenes"", elegí la materia a la cual quieras inscribirte para rendir, después seleccioná en el menú desplegable si querés inscribirte al examen como libre o regular, y luego hacé clic en ""Inscribirse""."," ** Para inscribirte al final debes seguir los siguientes pasos:

1️⃣ Entrá a [Guaraní](https://guarani.unc.edu.ar) con tu usuario y contraseña.
2️⃣ Buscá la opción *Inscripción a Exámenes* y hacé clic.
3️⃣ Seleccioná la materia.
4️⃣ En el menú que aparece, elegí si rendís como *libre* o *regular*.
5️⃣ Por último, presioná el botón *Inscribirse*.

¡Mucha suerte! 🍀",
¿Cómo me inscribo para rendir el examen final de Geometría ?,Exámenes,"Ingresá a Guaraní. Una vez dentro, seleccioná la opción ""Inscripción a Exámenes"", elegí la materia a la cual quieras inscribirte para rendir, después seleccioná en el menú desplegable si querés inscribirte al examen como libre o regular, y luego hacé clic en ""Inscribirse""."," ** Para inscribirte al final debes seguir los siguientes pasos:

1️⃣ Entrá a [Guaraní](https://guarani.unc.edu.ar) con tu usuario y contraseña.
2️⃣ Buscá la opción *Inscripción a Exámenes* y hacé clic.
3️⃣ Seleccioná la materia.
4️⃣ En el menú que aparece, elegí si rendís como *libre* o *regular*.
5️⃣ Por último, presioná el botón *Inscribirse*.

¡Mucha suerte! 🍀",
¿Cómo me inscribo para rendir el examen final de Complementos de Análisis?,Exámenes,"Ingresá a Guaraní. Una vez dentro, seleccioná la opción ""Inscripción a Exámenes"", elegí la materia a la cual quieras inscribirte para rendir, después seleccioná en el menú desplegable si querés inscribirte al examen como libre o regular, y luego hacé clic en ""Inscribirse""."," ** Para inscribirte al final debes seguir los siguientes pasos:

1️⃣ Entrá a [Guaraní](https://guarani.unc.edu.ar) con tu usuario y contraseña.
2️⃣ Buscá la opción *Inscripción a Exámenes* y hacé clic.
3️⃣ Seleccioná la materia.
4️⃣ En el menú que aparece, elegí si rendís como *libre* o *regular*.
5️⃣ Por último, presioná el botón *Inscribirse*.

¡Mucha suerte! 🍀",
¿Dónde puedo ver las correlatividades de Matemática?,Información General,"Para consultar las correlatividades de una carrera, debés ingresar al siguiente enlace:

https://www.famaf.unc.edu.ar/academica/grado/

Una vez allí, seleccioná la carrera que te interese y, dentro de la sección “Características de la Carrera”, vas a encontrar el “Régimen de Correlatividades”, donde se detallan todas las correlatividades.","**Si querés ver las correlatividades de cualquier carrera de la FAMAF), seguí estos pasos:

1️⃣ Entrá a este enlace: [https://www.famaf.unc.edu.ar/academica/grado/](https://www.famaf.unc.edu.ar/academica/grado/)

2️⃣ Elegí la carrera que te interesa.

3️⃣ Buscá la sección *Características de la Carrera* y después *Régimen de Correlatividades*.

Ahí vas a encontrar *toda* la info sobre correlatividades. 😊",
¿Dónde puedo ver las correlatividades de Astronomia?,Información General,"Para consultar las correlatividades de una carrera, debés ingresar al siguiente enlace:

https://www.famaf.unc.edu.ar/academica/grado/

Una vez allí, seleccioná la carrera que te interese y, dentro de la sección “Características de la Carrera”, vas a encontrar el “Régimen de Correlatividades”, donde se detallan todas las correlatividades.","**Si querés ver las correlatividades de cualquier carrera de la FAMAF), seguí estos pasos:

1️⃣ Entrá a este enlace: [https://www.famaf.unc.edu.ar/academica/grado/](https://www.famaf.unc.edu.ar/academica/grado/)

2️⃣ Elegí la carrera que te interesa.

3️⃣ Buscá la sección *Características de la Carrera* y después *Régimen de Correlatividades*.

Ahí vas a encontrar *toda* la info sobre correlatividades. 😊",
¿Dónde puedo ver las correlatividades de Fisica?,Información General,"Para consultar las correlatividades de una carrera, debés ingresar al siguiente enlace:

https://www.famaf.unc.edu.ar/academica/grado/

Una vez allí, seleccioná la carrera que te interese y, dentro de la sección “Características de la Carrera”, vas a encontrar el “Régimen de Correlatividades”, donde se detallan todas las correlatividades.","**Si querés ver las correlatividades de cualquier carrera de la FAMAF), seguí estos pasos:

1️⃣ Entrá a este enlace: [https://www.famaf.unc.edu.ar/academica/grado/](https://www.famaf.unc.edu.ar/academica/grado/)

2️⃣ Elegí la carrera que te interesa.

3️⃣ Buscá la sección *Características de la Carrera* y después *Régimen de Correlatividades*.

Ahí vas a encontrar *toda* la info sobre correlatividades. 😊",
¿Dónde puedo ver las correlatividades de Computación?,Información General,"Para consultar las correlatividades de una carrera, debés ingresar al siguiente enlace:

https://www.famaf.unc.edu.ar/academica/grado/

Una vez allí, seleccioná la carrera que te interese y, dentro de la sección “Características de la Carrera”, vas a encontrar el “Régimen de Correlatividades”, donde se detallan todas las correlatividades.","**Si querés ver las correlatividades de cualquier carrera de la FAMAF), seguí estos pasos:

1️⃣ Entrá a este enlace: [https://www.famaf.unc.edu.ar/academica/grado/](https://www.famaf.unc.edu.ar/academica/grado/)

2️⃣ Elegí la carrera que te interesa.

3️⃣ Buscá la sección *Características de la Carrera* y después *Régimen de Correlatividades*.

Ahí vas a encontrar *toda* la info sobre correlatividades. 😊",
¿Dónde puedo ver las correlatividades de Matemática Aplicada?,Información General,"Para consultar las correlatividades de una carrera, debés ingresar al siguiente enlace:

https://www.famaf.unc.edu.ar/academica/grado/

Una vez allí, seleccioná la carrera que te interese y, dentro de la sección “Características de la Carrera”, vas a encontrar el “Régimen de Correlatividades”, donde se detallan todas las correlatividades.","**Si querés ver las correlatividades de cualquier carrera de la FAMAF), seguí estos pasos:

1️⃣ Entrá a este enlace: [https://www.famaf.unc.edu.ar/academica/grado/](https://www.famaf.unc.edu.ar/academica/grado/)

2️⃣ Elegí la carrera que te interesa.

3️⃣ Buscá la sección *Características de la Carrera* y después *Régimen de Correlatividades*.

Ahí vas a encontrar *toda* la info sobre correlatividades. 😊",
¿Dónde puedo ver las correlatividades de Hidrometeorología?,Información General,"Para consultar las correlatividades de una carrera, debés ingresar al siguiente enlace:

https://www.famaf.unc.edu.ar/academica/grado/

Una vez allí, seleccioná la carrera que te interese y, dentro de la sección “Características de la Carrera”, vas a encontrar el “Régimen de Correlatividades”, donde se detallan todas las correlatividades.","**Si querés ver las correlatividades de cualquier carrera de la FAMAF), seguí estos pasos:

1️⃣ Entrá a este enlace: [https://www.famaf.unc.edu.ar/academica/grado/](https://www.famaf.unc.edu.ar/academica/grado/)

2️⃣ Elegí la carrera que te interesa.

3️⃣ Buscá la sección *Características de la Carrera* y después *Régimen de Correlatividades*.

Ahí vas a encontrar *toda* la info sobre correlatividades. 😊",
¿Dónde puedo ver las correlatividades de Profesorado en Matemática?,Información General,"Para consultar las correlatividades de una carrera, debés ingresar al siguiente enlace:

https://www.famaf.unc.edu.ar/academica/grado/

Una vez allí, seleccioná la carrera que te interese y, dentro de la sección “Características de la Carrera”, vas a encontrar el “Régimen de Correlatividades”, donde se detallan todas las correlatividades.","**Si querés ver las correlatividades de cualquier carrera de la FAMAF), seguí estos pasos:

1️⃣ Entrá a este enlace: [https://www.famaf.unc.edu.ar/academica/grado/](https://www.famaf.unc.edu.ar/academica/grado/)

2️⃣ Elegí la carrera que te interesa.

3️⃣ Buscá la sección *Características de la Carrera* y después *Régimen de Correlatividades*.

Ahí vas a encontrar *toda* la info sobre correlatividades. 😊",
¿Dónde puedo ver las correlatividades de Profesorado en Física?,Información General,"Para consultar las correlatividades de una carrera, debés ingresar al siguiente enlace:

https://www.famaf.unc.edu.ar/academica/grado/

Una vez allí, seleccioná la carrera que te interese y, dentro de la sección “Características de la Carrera”, vas a encontrar el “Régimen de Correlatividades”, donde se detallan todas las correlatividades.","**Si querés ver las correlatividades de cualquier carrera de la FAMAF), seguí estos pasos:

1️⃣ Entrá a este enlace: [https://www.famaf.unc.edu.ar/academica/grado/](https://www.famaf.unc.edu.ar/academica/grado/)

2️⃣ Elegí la carrera que te interesa.

3️⃣ Buscá la sección *Características de la Carrera* y después *Régimen de Correlatividades*.

Ahí vas a encontrar *toda* la info sobre correlatividades. 😊",
¿Dónde puedo ver las correlatividades de Analista en Computación?,Información General,"Para consultar las correlatividades de una carrera, debés ingresar al siguiente enlace:

https://www.famaf.unc.edu.ar/academica/grado/

Una vez allí, seleccioná la carrera que te interese y, dentro de la sección “Características de la Carrera”, vas a encontrar el “Régimen de Correlatividades”, donde se detallan todas las correlatividades.","**Si querés ver las correlatividades de cualquier carrera de la FAMAF), seguí estos pasos:

1️⃣ Entrá a este enlace: [https://www.famaf.unc.edu.ar/academica/grado/](https://www.famaf.unc.edu.ar/academica/grado/)

2️⃣ Elegí la carrera que te interesa.

3️⃣ Buscá la sección *Características de la Carrera* y después *Régimen de Correlatividades*.

Ahí vas a encontrar *toda* la info sobre correlatividades. 😊",
¿Cuándo son las encuestas a los profesores?,Cursado,"Las encuestas correspondientes a las materias que se dicten en el primer cuatrimestre, con excepción de las materias anuales, deberán ser completadas entre el 10 de Junio y el 31 de Julio del año académico respectivo. Las encuestas sobre las materias que se dicten en el segundo cuatrimestre o de forma anual, deberán ser completadas entre el 10 de Noviembre y el 31 de Diciembre del año académico respectivo.","📅 *Las encuestas a los profesores se hacen en dos períodos:*

1️⃣ **Primer cuatrimestre** (excepto materias anuales):
👉 *Del 10 de junio al 31 de julio.*

2️⃣ **Segundo cuatrimestre o anuales**:
👉 *Del 10 de noviembre al 31 de diciembre.*",
¿Cómo completar las encuestas a los profesores?,Cursado,"Las encuestas se responden a través del sistema Guaraní, los pasos son los siguientes:

1. Ingresar al Guaraní.
2. Clic en Reportes - Encuestas pendientes.
3. Ir completando todas las encuestas que el sistema pide, hasta que no quede ninguna en la lista.

Ante cualquier duda o consulta, contactarse al email despachoestudiantes@famaf.unc.edu.ar","  Si tenés que completar las encuestas a los profesores, es súper fácil. Seguí estos pasos en el sistema *Guaraní*:

1️⃣ Entrá a *Guaraní*.
2️⃣ Hacé clic en *Reportes* y después en *Encuestas pendientes*.
3️⃣ Completá todas las encuestas que aparezcan en la lista, hasta que no quede ninguna.

Si tenés alguna duda, mandá un mail a *despachoestudiantes@famaf.unc.edu.ar* 📧.",
¿Cómo completar las encuestas de las materias?,Cursado,"Las encuestas se responden a través del sistema Guaraní, los pasos son los siguientes:

1. Ingresar al Guaraní.
2. Clic en Reportes - Encuestas pendientes.
3. Ir completando todas las encuestas que el sistema pide, hasta que no quede ninguna en la lista.

Ante cualquier duda o consulta, contactarse al email despachoestudiantes@famaf.unc.edu.ar","Para completar las encuestas de tus materias, seguí estos pasos en el sistema *Guaraní* 👇:

1️⃣ Entrá a *Guaraní*.
2️⃣ Hacé clic en *Reportes* → *Encuestas pendientes*.
3️⃣ Completá todas las encuestas que aparezcan hasta que no quede ninguna 📋.

Si tenés dudas, escribínnos a *despachoestudiantes@famaf.unc.edu.ar* 📧.",
¿Puedo rendir el examen final de una materia sin haberla cursado?,Exámenes,Para rendir el examen final de una materia que no cursaste debes tener las correlatividades de esa materia aprobadas y inscribite al exámen final como libre.,"Si querés rendir el final de una materia *sin haberla cursado*, tenés que cumplir estos requisitos:

1️⃣ **Tener las correlatividades aprobadas**: Es decir, las materias previas que exige esa asignatura.

2️⃣ **Inscribirte como libre**: Podés hacerlo en el sistema Guaraní.
",
¿Cómo me inscribo a la próxima colación?,Egreso,"Los pasos para inscribrte a la próxima colación los podes encontrar en el siguiente documento:

https://drive.google.com/file/d/1pkY8i3dxU-Muz6KZUNN8CnrkxaXulGgZ/view?usp=sharing

Una vez finalizado el circuito de egreso recibirás un email confirmando la inscricpión a la colación con el certificado Analítico y de Título en trámite.

Cualquier duda podes consultarte a nfigueroa@unc.edu.ar.","📚 *Para inscribirte a la próxima colación*, seguí estos pasos detallados en el documento oficial:

📄 [Guía de inscripción a colación](https://drive.google.com/file/d/1pkY8i3dxU-Muz6KZUNN8CnrkxaXulGgZ/view?usp=sharing)

📩 *Una vez que completes el circuito de egreso*, te llegará un email confirmando tu inscripción con el *certificado Analítico y de Título en trámite*.

💬 *¿Te quedó alguna duda?* Podés escribirle directamente a *nfigueroa@unc.edu.ar*.",
¿Cómo obtengo el título intermedio?,Egreso,"Los pasos para inscribrte a la próxima colación los podes encontrar en el siguiente documento:

https://drive.google.com/file/d/1pkY8i3dxU-Muz6KZUNN8CnrkxaXulGgZ/view?usp=sharing

Una vez finalizado el circuito de egreso recibirás un email confirmando la inscricpión a la colación con el certificado Analítico y de Título en trámite.

Cualquier duda podes consultarte a nfigueroa@unc.edu.ar.","📚 *Para obtener el título intermedio*, seguí estos pasos:

1️⃣ **Descargá el documento oficial** con toda la info: [hacé clic acá](https://drive.google.com/file/d/1pkY8i3dxU-Muz6KZUNN8CnrkxaXulGgZ/view?usp=sharing).

2️⃣ Una vez que finalices el circuito de egreso, te llegará un *email* confirmando tu inscripción a la colación con el *certificado Analítico* y el *Título en trámite*.

💡 *¿Te quedó alguna duda?* Escríbile a **nfigueroa@unc.edu.ar**. 😊",
¿Qué debo hacer con mi recibo de haberes en el Área de Personal y Sueldos?,Personal y Sueldos,"Los recibos de haberes son enviados desde la SGI de la UNC al área. Es responsabilidad del agente retirarlos, firmarlos y conservar el cuerpo del recibo con el detalle de los montos abonados.","*Tu recibo de haberes* lo envía la SGI de la UNC al Área de Personal y Sueldos. **Vos tenés que**:
1️⃣ Retirarlo en persona.
2️⃣ Firmarlo.
3️⃣ Guardar la parte con los detalles de los montos cobrados.

⚠️ *Importante*: No lo pierdas, porque es tu comprobante oficial. 💡",
¿Existe un portal para descargar recibos de haberes?,Personal y Sueldos,"Sí. Existe un portal del empleado de la UNC donde pueden descargarse los recibos con código QR. Sin firma electrónica aún no sirven para certificar haberes ante organismos oficiales.

https://empleados.unc.edu.ar/autogestion/","Sí, existe un portal de la UNC donde podés descargar tus recibos de haberes con código QR. *Pero ojo*: por ahora, sin firma electrónica no sirven para trámites oficiales.

📌 Entrá acá: [https://empleados.unc.edu.ar/autogestion/](https://empleados.unc.edu.ar/autogestion/)",
¿Qué ocurre si un agente fallece y no tiene los últimos recibos firmados?,Personal y Sueldos,Para que los beneficiarios puedan cobrar el seguro de vida es fundamental que el agente tenga los últimos tres recibos de haberes firmados y entregados en el Área de Personal y Sueldos.,"**¡Atención!** Si un agente fallece y no tiene los últimos tres recibos de haberes firmados y entregados en el *Área de Personal y Sueldos*, los beneficiarios podrían tener problemas para cobrar el seguro de vida. 💡

**Importante:** Asegurate de que los recibos estén al día y bien entregados. 📌",
¿Qué es el impuesto a las ganancias para los empleados?,Personal y Sueldos,El impuesto a las ganancias aplica a quienes obtienen rentas. La UNC actúa como agente de retención para empleados alcanzados por Ganancias de cuarta categoría.,"El *impuesto a las ganancias* es un tributo que se aplica a las personas que obtienen rentas. 💡

En la UNC, actuamos como *agentes de retención* para los empleados que están alcanzados por el impuesto de *cuarta categoría* (es decir, los que cobran sueldo).",
¿Quién administra las retenciones del impuesto a las ganancias en la UNC?,Personal y Sueldos,"La Secretaría de Gestión Institucional de la UNC, a través del Área de Retenciones Impositivas, administra, controla y asesora sobre este impuesto.","La **Secretaría de Gestión Institucional** de la UNC, a través del *Área de Retenciones Impositivas*, se encarga de administrar, controlar y asesorarte sobre el impuesto a las ganancias.

Si tenés dudas, ¡podés hablar con ellos!",
¿Qué normativa regula las licencias docentes?,Personal y Sueldos,"Las licencias docentes están reguladas por la Resolución 1222/2014 del HCS e incluyen actividades académicas, científicas y de investigación, con la correspondiente documentación.","**Las licencias docentes** están reguladas por la *Resolución 1222/2014* del HCS.

Incluyen actividades académicas, científicas y de investigación, pero siempre con la documentación correspondiente.

📌 Si necesitás más detalles, podés consultar el documento oficial: [https://www.unc.edu.ar/secretaria-general/resoluciones/](https://www.unc.edu.ar/secretaria-general/resoluciones/).",
¿Cómo se solicita una licencia docente para actividades en el exterior?,Personal y Sueldos,"Cuando la licencia es al exterior del país, el docente debe enviar por correo electrónico al área de Personal y Sueldos el formulario en Excel para gestionar la cobertura de asistencia internacional.","Si necesitás una licencia docente para actividades en el exterior, tenés que enviar el formulario en Excel por correo al área de *Personal y Sueldos*. Ellos se encargan de gestionar la cobertura de asistencia internacional. 📧",
¿Cómo solicitan licencias los agentes nodocentes?,Personal y Sueldos,Los agentes nodocentes deben ingresar al sistema de memos de FAMAF con usuario y contraseña provistos por el área y solicitar la licencia con la debida anticipación.," ** Si sos agente nodocente y necesitás una licencia, **entrá al sistema de memos de la FAMAF** con tu usuario y contraseña. 
**No te olvides de pedirla con anticipación** para que todo salga bien. 📚",
¿Qué es la Licencia Anual Ordinaria para nodocentes?,Personal y Sueldos,Es un período de descanso anual con goce de haberes cuya duración depende de la antigüedad del agente.,La *Licencia Anual Ordinaria* para nodocentes es tu período de vacaciones pagas 🌴. La cantidad de días que tenés depende de tu antigüedad en la facultad.,
¿Cuántos días de licencia por paternidad corresponden a nodocentes?,Personal y Sueldos,"Corresponden quince días hábiles con goce de haberes por nacimiento o adopción, previa presentación de la documentación respaldatoria.","Si sos *nodocente* de la FAMAF, tenés derecho a **15 días hábiles** de licencia por paternidad con sueldo completo, ya sea por *nacimiento* o *adopción*. Pero ojo, tenés que presentar la documentación que lo acredite.",
¿Cuál es la duración de la licencia por maternidad?,Personal y Sueldos,"La licencia por maternidad con goce de haberes es de ciento ochenta días, distribuidos en cuarenta y cinco días previos y ciento treinta y cinco posteriores al parto. En embarazos de alto riesgo puede ampliarse el período preparto.","**La licencia por maternidad** con sueldo completo es de *180 días* 📅:
  🔹*45 días* antes del parto*
  🔹135 días* después

Si el embarazo es de *alto riesgo*, se puede extender el período antes del parto. 💡

Más info en [https://www.unc.edu.ar/licencias/](https://www.unc.edu.ar/licencias/).",
¿Qué requisitos deben cumplir los certificados médicos?,Personal y Sueldos,"Los certificados médicos deben ser legibles y contener membrete, nombre y DNI del agente, fecha de emisión, diagnóstico claro, período de reposo, firma y sello del profesional.","📄 **Requisitos para los certificados médicos:**

1️⃣ Que se lean bien.
2️⃣ Que tengan el membrete del profesional.
3️⃣ Nombre y DNI del paciente.
4️⃣ Fecha de emisión.
5️⃣ Diagnóstico claro y preciso.
6️⃣ Período de reposo indicado.
7️⃣ Firma y sello del médico.

⚠️ *Si falta alguno de estos datos, el certificado no será válido.*",
¿Cómo se valida un certificado médico emitido en el exterior?,Personal y Sueldos,"Debe estar firmado por el consulado argentino del país donde fue emitido y, cuando corresponda, acompañado por traducción al idioma castellano.","Para validar un certificado médico emitido en el exterior, tenés que asegurarte de que esté firmado por el *consulado argentino* del país donde se emitió. Además, si es necesario, *agregale una traducción al castellano*.",
¿Puedo rendir libre el cursillo de ingreso?,Información General,"Para rendir libre el curso de nivelación, primero tenes que hacer la inscripción definitiva y cuando llegue la fecha de examen inscribirte a rendir el cursillo desde Guaraní en la parte de ""Inscripción a Exámanes"".","Si querés rendir libre el cursillo de ingreso, primero tenés que hacer la *inscripción definitiva*. Después, cuando llegue la fecha del examen, entrá a *Guaraní* y anotate en la sección **""Inscripción a Exámenes""**.

⚠️ *Recordá:* tené todo listo en el sistema para que no se te pase el plazo.",
"Realice un trámite y no le llega el email de confirmación, ¿por qué?",Información General,"stamos trabajando para regularizar el envío de los correos de confirmación. Le solicitamos su paciencia, ya que el proceso puede demorar una semana o más."," 

Estamos trabajando para arreglar el envío de los *emails* de confirmación. 📧 *Te pedimos un poquito de paciencia*, porque puede tardar *una semana o más* en llegar.

Si pasa ese tiempo y no lo recibiste, avisanos. 💡",
"Me da error al realizar un trámite, ¿Que hago?",Información General,"Disculpa, por el momento no puedo brindar ayuda específica.

Para obtener una respuesta precisa, te sugerimos comunicarte directamente por correo electrónico con el área correspondiente, según el tema de tu consulta:

- despachoestudiantes@famaf.unc.edu.ar: preinscripciones e inscripciones.
- usuarios.unc@famaf.unc.edu.ar: consultas sobre cuentas @unc o @mi.unc.
- sae@famaf.unc.edu.ar: becas, tutorías y tramitación del Régimen Especial de Cursado.
- nfigueroa@unc.edu.ar (Oficialía): gestión de diplomas y certificados, inscripción para cursar o rendir Trabajos Especiales y consultas sobre actas de examen.

Ellos van a poder orientarte mejor según tu situación.

IMPORTANTE: explica qué error tuviste, con qué trámite junto con tu nombre y apellido.","¡Ups! 😅 Por ahora no puedo ayudarte directamente con el error que te apareció, pero tranquilo, te dejo los contactos clave para que te orienten:

📌 **despachoestudiantes@famaf.unc.edu.ar**: Si el error fue en *preinscripciones* o *inscripciones*.
📌 **usuarios.unc@famaf.unc.edu.ar**: Si el problema es con tu *cuenta @unc* o *@mi.unc*.
📌 **sae@famaf.unc.edu.ar**: Para *becas*, *tutorías* o el *Régimen Especial de Cursado*.
📌 **nfigueroa@unc.edu.ar**: Si necesitás gestionar *diplomas*, *certificados*, *Trabajos Especiales* o consultar *actas de examen*.

⚠️ **¡Importante!** Contales *exactamente* qué error te apareció, con qué trámite y tus datos (nombre y apellido). Así te ayudan más rápido.

¡Mucha suerte!",
"Me olvidé de inscribirme y se me pasó la fecha, ¿Hay algo que se pueda hacer?",Información General,"Para inscribirte una vez que pasó la fecha, debes concurrir personalmente a despacho para evaluar si es posible la inscripción fuera del plazo.","¡No te preocupes!  Si se te pasó la fecha de inscripción, podés acercarte personalmente a despacho para ver si aún se puede hacer.",
¿Cuándo tengo que inscribirme a un examen?,Exámenes,"Las inscripciones a los exámenes se realizarán a través del sistema Guaraní, a partir del sábado 14 de Febrero a las 9:00 hs hasta tres días hábiles antes del exámen.

En caso de no encontrar la materia para rendir, o ser ésta una Especialidad, Optativa, Materia Vocacional, Materia para Estudiante Regular Internacional, la inscripción deberás realizarla en las mismas fechas, pero a través de éste formulario.","📅 **Inscripción a exámenes:**
Podés anotarte desde el *sábado 14 de febrero a las 9:00 hs* hasta *3 días hábiles antes del examen* a través del sistema *Guaraní*.

⚠️ *Si no encontrás la materia o es una Especialidad, Optativa, Materia Vocacional o para Estudiante Regular Internacional*, tenés que inscribirte en el *mismo período* pero usando *este formulario* 📝: [https://www.famaf.unc.edu.ar/formulario-inscripcion-examenes](https://www.famaf.unc.edu.ar/formulario-inscripcion-examenes).",
"No me puedo inscribir al examen del curso de nivelación, ¿Que hago?",Ingreso,En caso de que no te deje inscribirte al examen del curso de nivelación debes escribirle a tu profesora a través del Aula Virtual.,"Si no podés inscribirte al examen del curso de nivelación, no te preocupes 😊. Lo que tenés que hacer es escribirle a tu profesora *directamente* a través del *Aula Virtual*.",
Necesito un certificado papel y/o digital de asistencia a examen.,Exámenes,"Debes dirigirte al despacho de alumnos antes del examen, solicitarles la hoja y en el examen pedirle al profesor que firme y luego llevarsela a despacho nuevamente para que te lo sellen.","Si necesitás un certificado de asistencia a examen, seguí estos pasos:

1️⃣ Andá al *despacho de alumnos* antes del examen y pedí la hoja correspondiente.
2️⃣ En el examen, pedile al profesor que *firme la hoja*.
3️⃣ Llevala de vuelta al despacho para que te la *sellen*.

¡Listo! Así tendrás tu certificado. 📄✨

*Recordá que el trámite debe hacerse antes del examen.* ⚠️",
¿Cuándo abren las inscripciones a las materias?,Cursado,"Las inscripciones a las materias de grado y posgrado se encuentran abiertas desde el día 2 de Marzo hasta el día 13 de Marzo del 2026 para las materias que se dictan en el primer cuatrimestre. Para las materias del segundo cuatrimestre, las inscripciones comienzan desde el día 3 de Agosto hasta el día 14 de Agosto. 

Para las materias del primer cuatrimestre del primer año las inscripciones se encuentran abiertas desde el 4 de Marzo hasta el 14 de Marzo.","📅 *Inscripciones 1er cuatrimestre 2026:*
🔹 **Grado y posgrado:** Del *2 al 13 de marzo*.
🔹 **Primer año:** Del *4 al 14 de marzo*.

📅 *Inscripciones 2do cuatrimestre 2026:*
🔹 **Grado y posgrado:** Del *3 al 14 de agosto*.",
¿Cuándo comienzan las clases de las materias de grado y posgrado?,Cursado,"Las clases de las materias de grado y posgrado correspondientes al primer cuatrimestre del año 2026 comienzan el día 9 de Marzo hasta el día 19 de Junio, mientras que las clases materias del segundo cuatrimestre comienzan el día 10 de Agosto hasta el 19 de Noviembre.","Las clases para grado y posgrado comienzan:

**Primer cuatrimestre 2026:**
📚 *Grado y posgrado:* Del *9 de marzo* al *19 de junio*.

**Segundo cuatrimestre 2026:**
📚 *Grado y posgrado:* Del *10 de agosto* al *19 de noviembre*.",
¿Cuál es el correo de Despacho de Estudiantes?,Información General,El correo del Despacho de Estudiantes es despachoestudiantes@famaf.unc.edu.ar,📧 El correo del *Despacho de Estudiantes* es **despachoestudiantes@famaf.unc.edu.ar**,
¿Cuál es el correo de la Oficialía?,Información General,Para comunicarte con la Oficialía podes hacerlo usando el correo nigueroa@unc.edu.ar,"📧 Para contactar a la *Oficialía* de la FAMAF, podés escribirle al correo **nigueroa@unc.edu.ar** ",
¿A qué correo me puedo comunicar para consultar sobre el ingreso?,Información General,El correo para consultas relacionadas con el ingreso es ingreso@famaf.unc.edu.ar,"Si tenés dudas sobre el ingreso a la FAMAF, podés escribirnos a *ingreso@famaf.unc.edu.ar* 📧. ¡Ahí te van a ayudar con todo lo que necesites! 💡",
¿Cuál es el correo de la Secretaría de Posgrado?,Información General,Para comunicarte con la Secretaría de Posgrado podes hacerlo a través de posgrado@famaf.unc.edu.ar,"Si necesitás contactar a la *Secretaría de Posgrado*, podés escribirles a **posgrado@famaf.unc.edu.ar** 📩",
¿Dónde puedo consultar las Optativas de Computación?,Cursado,"Las optativas de Computación en 2026 son:
- Computación  y Sociedad dicatada por Blanco, Javier Oscar.
- Electrónica para Laboratorios Experimentales de Investigación con Peretti, Gabriela Marta y Romero, Eduardo Abel.
- Introducción a la Didáctiva de Computación e Inteligencia Artificial dicatada por Acosta, Araceli Natalia.
- Introducción al Análisis de Series Temporales con Flesia, Ana Georgina.
- Sistemas de Tiempo Real dicatada por Laprovitta, Agustín Miguel.

Siempre podes consultarlas en el Distribución Docente del correspondiente año:
https://share.google/qoDQXEpip0M9MOHmy (año 2026)","*Las optativas de Computación para 2026 son:*

🔹 *Computación y Sociedad* (dictada por *Javier Oscar Blanco*)
🔹 *Electrónica para Laboratorios Experimentales de Investigación* (con *Gabriela Marta Peretti* y *Eduardo Abel Romero*)
🔹 *Introducción a la Didáctiva de Computación e Inteligencia Artificial* (dictada por *Araceli Natalia Acosta*)
🔹 *Introducción al Análisis de Series Temporales* (con *Ana Georgina Flesia*)
🔹 *Sistemas de Tiempo Real* (dictada por *Agustín Miguel Laprovitta*)

📌 *Siempre podés consultar las optativas en el* **Distribución Docente** *del año correspondiente:*
🔗 [https://share.google/qoDQXEpip0M9MOHmy](https://share.google/qoDQXEpip0M9MOHmy) *(año 2026)*",
¿Qué materias pueden hacerse como Especialidad II de Astronomía?,Cursado,"Las materias de Especialidad II de Astronomía en 2026 son:
- Cúmulos Globulares: Laboratorios Cósmicos de la Evolución Estelar dictada por Muriel, Hernán.
- Elementos de espectroscopía astronómica con red de difracción dictada por Weidmann, Walter Alfredo.
- Estructura en Gran Escala del Universo con Abadi, Mario Gabriel.
- Medio Interestelar, Galaxias Starburst y Núcleos Activos de Galaxias con Gunthardt, Guillermo Iván.
- Radio Astronomía Galáctica y Extragaláctica dicatada por Varlotto, Carlos Alberto

Siempre podés consultarlas en la Distribución Docente del correspondiente año:
https://share.google/qoDQXEpip0M9MOHmy (año 2026)","En 2026, las materias de **Especialidad II de Astronomía** son:

1️⃣ *Cúmulos Globulares: Laboratorios Cósmicos de la Evolución Estelar* (dictada por Hernán Muriel)
2️⃣ *Elementos de espectroscopía astronómica con red de difracción* (dictada por Walter Alfredo Weidmann)
3️⃣ *Estructura en Gran Escala del Universo* (dictada por Mario Gabriel Abadi)
4️⃣ *Medio Interestelar, Galaxias Starburst y Núcleos Activos de Galaxias* (dictada por Guillermo Iván Gunthardt)
5️⃣ *Radio Astronomía Galáctica y Extragaláctica* (dictada por Carlos Alberto Varlotto)

📚 *Siempre podés revisar las materias en la* **Distribución Docente 2026** [aquí](https://share.google/qoDQXEpip0M9MOHmy).",
¿Qué materias pueden hacerse como Especialidad II de Física?,Cursado,"Las materias de Especialidad II de Física en 2026 son:
- Electrónica para Laboratorios Experimentales de Investigación dictada por Peretti, Gabriela Marta y Romero, Eduardo Abel.
- Física Computacional dictada por Banchio, Adolfo Javier y Marconi, Verónica Iris.
- Imágenes por Resonancia Magnética con Acosta, Rodolfo Héctor.
- Introducción a la Información Cuántica con Majtey, Ana Paula.
- Introducción a la Radiobiología dicatada por Valente, Mauro Andrés.
- Relatividad Numérica dicatada por Carrasco, Federico León y Gallo, Emanuel.
- Segunda Cuantización por Osenda, Omar.
- Sistemas de Tiempo Real por Laprovitta, Agustín Miguel.

Siempre podés consultarlas en la Distribución Docente del correspondiente año:
https://share.google/qoDQXEpip0M9MOHmy (año 2026)","Acá están las materias de *Especialidad II de Física para 2026* 👇

1️⃣ *Electrónica para Laboratorios Experimentales de Investigación* (Peretti, Gabriela Marta y Romero, Eduardo Abel)
2️⃣ *Física Computacional* (Banchio, Adolfo Javier y Marconi, Verónica Iris)
3️⃣ *Imágenes por Resonancia Magnética* (Acosta, Rodolfo Héctor)
4️⃣ *Introducción a la Información Cuántica* (Majtey, Ana Paula)
5️⃣ *Introducción a la Radiobiología* (Valente, Mauro Andrés)
6️⃣ *Relatividad Numérica* (Carrasco, Federico León y Gallo, Emanuel)
7️⃣ *Segunda Cuantización* (Osenda, Omar)
8️⃣ *Sistemas de Tiempo Real* (Laprovitta, Agustín Miguel)

🔍 *Si querés confirmar o ver más detalles, entrá acá:* [Distribución Docente 2026](https://share.google/qoDQXEpip0M9MOHmy)",
¿Qué materias pueden hacerse como Especialidad I de Matemática?,Cursado,"Las materias de Especialidad I de Matemática en 2026 son:
- Espacios de Lebesgue variables pesados y teoría de extrapolación dictada por Vallejos, Lucas Alejandro.
- Geometría Algebraica dictada por Sulca, Diego Armando.
- Introducción a las álgebras de Lie y sus representaciones con Cagliero, Leandro Roberto.
- Teoría de Modelos con Badano, Mariana Vanessa.

Siempre podés consultarlas en la Distribución Docente del correspondiente año:
https://share.google/qoDQXEpip0M9MOHmy (año 2026)","En 2026, las materias de **Especialidad I de Matemática** son:

🔹 *Espacios de Lebesgue variables pesados y teoría de extrapolación* (dictada por Vallejos, Lucas Alejandro).
🔹 *Geometría Algebraica* (dictada por Sulca, Diego Armando).
🔹 *Introducción a las álgebras de Lie y sus representaciones* (con Cagliero, Leandro Roberto).
🔹 *Teoría de Modelos* (con Badano, Mariana Vanessa).

📌 *Siempre podés chequear la info actualizada en la* **Distribución Docente 2026** 👉 [https://share.google/qoDQXEpip0M9MOHmy](https://share.google/qoDQXEpip0M9MOHmy).",
¿Qué materias pueden hacerse como Optativa II de Matemática Aplicada?,Cursado,"Las materias de Optativa II de Matemática Aplicada en 2026 son:
- Introducción al Análisis de Series Temporales dictada por Flesia, Ana Georgina.

Siempre podés consultarlas en la Distribución Docente del correspondiente año:
https://share.google/qoDQXEpip0M9MOHmy (año 2026)","**Para 2026**, la única optativa II de *Matemática Aplicada* que se dictará es:
📚 *Introducción al Análisis de Series Temporales* (con la profe *Ana Georgina Flesia*).

🔍 Si querés confirmar o ver más detalles, entrá a la *Distribución Docente 2026*:
[https://share.google/qoDQXEpip0M9MOHmy](https://share.google/qoDQXEpip0M9MOHmy)
",
¿Cómo hago para obtener un casillero en FAMAF?,Información General,"Para solicitar el préstamo de uno de los 24 casilleros disponibles ubicados en el segundo piso de la Facultad las inscripciones se enceuntran abiertas desde el Lunes 2 de Marzo hasta el Viernes 13 de Marzo hasta las 14:00 hs mediante el siguiente formulario: https://tinyurl.com/2545b9xh.

Los resultados serán publicados el día 25 de Marzo y se dará inicio a las nuevas asignaciones el dia 4 de Abril.

Como requisito el alumno debe contar con una inscripción vigente al menos a una materia en el momento de la solicitud. Aquellos que cumplan los requisitos pero no accedan a un cupo inicial, integrarán una lista de espera con vigencia anual.

IMPORTANTE: entre el 25 de Marzo y el 3 de Abril, todos los inscriptos deberán presentarse en la SAE para notificarse. De no hacerlo, se perderá la vacante o el lugar en la lista de espera. Además, quienes resultan beneficiarios deberán proveer su propio candado y firmar el acuerdo de responsabilidad correspondiente.","Si necesitás un casillero en FAMAF, acá tenés toda la info:

📅 *Inscripciones abiertas*: Desde el *lunes 2 de marzo* hasta el *viernes 13 de marzo* a las 14:00 hs.
🔗 *Formulario*: Completá este enlace: [https://tinyurl.com/2545b9xh](https://tinyurl.com/2545b9xh).

📌 *Requisitos*:
✔️ Tenés que estar inscripto en al menos una materia al momento de solicitarlo.
✔️ Si no te toca en la primera tanda, entrás en una lista de espera anual.

📢 *Importante*:
📅 Entre el *25 de marzo* y el *3 de abril*, todos los inscriptos deben pasar por la SAE para confirmar.
⚠️ Si no lo hacés, perdés el casillero o el lugar en la lista de espera.
🔒 Los beneficiarios deben llevar su propio candado y firmar el acuerdo de responsabilidad.

📅 *Resultados*: Se publican el *25 de marzo*.
📅 *Asignación*: Comienza el *4 de abril*.",
¿Cuales son los requisitos para solicitar una mesa especial de examen?,Exámenes,"Para rendir en una mesa especial, deben faltarte dos materias para egresar (es decir el Trabajo Especial y otra más; si egresas de Analista o del profesorado, se cuentan materias comunes).

Los/as estudiantes que adeuden hasta dos materias para egresar, podrán solicitar una fecha de examen hasta el 31 de Marzo de 2026.","📚 *¿Necesitás rendir en una mesa especial?* 📚

**Requisitos:**
  🔹Tenés que faltarte solo *dos materias* para egresar (por ejemplo, el *Trabajo Especial* y otra más).
  🔹Si sos de *Analista* o *Profesorado*, se cuentan las materias comunes.

**Plazo para solicitar:**
🔹Podés pedir una fecha de examen hasta el *31 de marzo de 2026*.

⚠️ *¡Importante!* Verificá siempre los detalles en el [reglamento oficial](https://www.famaf.unc.edu.ar/reglamento).",
¿Cómo es el procedimiento para solicitar una mesa especial de examen?,Exámenes,"Para rendir en época especial, deben faltarte dos materias para egresar (es decir el Trabajo Especial y otra más; si egresas de Analista o del profesorado, se cuentan materias comunes). 

El procedimiento es el siguiente: debes enviar una nota solicitando la fecha especial, firmada por vos y el docente encargado de la materia, por lo menos una semana antes de la fecha en la que quieras rendir, si la fecha especial es para rendir el Trabajo Especial, el procedimiento es otro. Debes tener en cuenta que si otro alumno ya se inscribió para esa materia en la época solicitada deben rendir el mismo día, es decir solo hay una mesa por época.

Este es el modelo de la nota que deben enviar firmada: https://drive.google.com/file/d/1nandgoClw138jBfMujEdwmc9MyJIJtkL","Para rendir en época especial tenés que tener **solo dos materias pendientes** para egresar (incluyendo el Trabajo Especial y otra más). Si sos de Analista o Profesorado, se cuentan las materias comunes.

**Pasos para solicitar la mesa especial:**
1️⃣ Escribí una nota pidiendo la fecha especial.
2️⃣ Firmala *vos* y el docente de la materia.
3️⃣ Enviála **al menos una semana antes** de la fecha que querés rendir.
4️⃣ Si es para el Trabajo Especial, el trámite es diferente.

⚠️ *Importante:* Si otro estudiante ya se inscribió para esa materia en la época que pedís, **ambos rinden el mismo día** (solo hay una mesa por época).

📌 *Modelo de nota:* [Descargá el archivo aquí](https://drive.google.com/file/d/1nandgoClw138jBfMujEdwmc9MyJIJtkL) 📌",
¿La carrera de Profesorado en Física tiene modalidad presencial?,Ingreso,Las carreras de grado de FAMAF son presenciales. Solamente se puede cursar el curso de nivelación a distancia.,"Todas las carreras de grado de la FAMAF son *presenciales*. Eso sí, el *curso de nivelación* (si lo necesitás) se puede hacer *a distancia*. 💻",
¿La carrera de Profesorado en Física es a distancia (online)?,Ingreso,Las carreras de grado de FAMAF son presenciales. Solamente se puede cursar el curso de nivelación a distancia.,"Todas las carreras de grado de la FAMAF son *presenciales*. Eso sí, el *curso de nivelación* (si lo necesitás) se puede hacer *a distancia*. 💻",
¿La Tecnicatura Universitaria en Matemática Aplicada tiene modalidad presencial? ,Ingreso,Las carreras de grado de FAMAF son presenciales. Solamente se puede cursar el curso de nivelación a distancia.,"Todas las carreras de grado de la FAMAF son *presenciales*. Eso sí, el *curso de nivelación* (si lo necesitás) se puede hacer *a distancia*. 💻",
¿La Tecnicatura Universitaria en Matemática Aplicada es a distancia (online)? ,Ingreso,Las carreras de grado de FAMAF son presenciales. Solamente se puede cursar el curso de nivelación a distancia.,"Todas las carreras de grado de la FAMAF son *presenciales*. Eso sí, el *curso de nivelación* (si lo necesitás) se puede hacer *a distancia*. 💻",
¿La Tecnicatura Universitaria en Matemática Aplicada tiene modalidad presencial? ,Ingreso,Las carreras de grado de FAMAF son presenciales. Solamente se puede cursar el curso de nivelación a distancia.,"Todas las carreras de grado de la FAMAF son *presenciales*. Eso sí, el *curso de nivelación* (si lo necesitás) se puede hacer *a distancia*. 💻",
¿La Tecnicatura Universitaria en Matemática Aplicada es a distancia (online)? ,Ingreso,Las carreras de grado de FAMAF son presenciales. Solamente se puede cursar el curso de nivelación a distancia.,"Todas las carreras de grado de la FAMAF son *presenciales*. Eso sí, el *curso de nivelación* (si lo necesitás) se puede hacer *a distancia*. 💻",
¿La carrera Licenciatura en Física es presencial?,Ingreso,Las carreras de grado de FAMAF son presenciales. Solamente se puede cursar el curso de nivelación a distancia.,"Todas las carreras de grado de la FAMAF son *presenciales*. Eso sí, el *curso de nivelación* (si lo necesitás) se puede hacer *a distancia*. 💻",
¿La carrera Licenciatura en Física es a distancia (online)?,Ingreso,Las carreras de grado de FAMAF son presenciales. Solamente se puede cursar el curso de nivelación a distancia.,"Todas las carreras de grado de la FAMAF son *presenciales*. Eso sí, el *curso de nivelación* (si lo necesitás) se puede hacer *a distancia*. 💻",
¿La carrera Licenciatura en Astronomía es presencial?,Ingreso,Las carreras de grado de FAMAF son presenciales. Solamente se puede cursar el curso de nivelación a distancia.,"Todas las carreras de grado de la FAMAF son *presenciales*. Eso sí, el *curso de nivelación* (si lo necesitás) se puede hacer *a distancia*. 💻",
¿La carrera Licenciatura en Astronomía es a distancia (online)?,Ingreso,Las carreras de grado de FAMAF son presenciales. Solamente se puede cursar el curso de nivelación a distancia.,"Todas las carreras de grado de la FAMAF son *presenciales*. Eso sí, el *curso de nivelación* (si lo necesitás) se puede hacer *a distancia*. 💻",
¿La carrera Licenciatura en Matemática es presencial?,Ingreso,Las carreras de grado de FAMAF son presenciales. Solamente se puede cursar el curso de nivelación a distancia.,"Todas las carreras de grado de la FAMAF son *presenciales*. Eso sí, el *curso de nivelación* (si lo necesitás) se puede hacer *a distancia*. 💻",
¿La carrera Licenciatura en Matemática es a distancia (online)?,Ingreso,Las carreras de grado de FAMAF son presenciales. Solamente se puede cursar el curso de nivelación a distancia.,"Todas las carreras de grado de la FAMAF son *presenciales*. Eso sí, el *curso de nivelación* (si lo necesitás) se puede hacer *a distancia*. 💻",
¿La carrera Licenciatura en Física es presencial?,Ingreso,Las carreras de grado de FAMAF son presenciales. Solamente se puede cursar el curso de nivelación a distancia.,"Todas las carreras de grado de la FAMAF son *presenciales*. Eso sí, el *curso de nivelación* (si lo necesitás) se puede hacer *a distancia*. 💻",
¿La carrera Licenciatura en Física es a distancia (online)?,Ingreso,Las carreras de grado de FAMAF son presenciales. Solamente se puede cursar el curso de nivelación a distancia.,"Todas las carreras de grado de la FAMAF son *presenciales*. Eso sí, el *curso de nivelación* (si lo necesitás) se puede hacer *a distancia*. 💻",
¿La carrera Licenciatura en Ciencias de la Computación es presencial?,Ingreso,Las carreras de grado de FAMAF son presenciales. Solamente se puede cursar el curso de nivelación a distancia.,"Todas las carreras de grado de la FAMAF son *presenciales*. Eso sí, el *curso de nivelación* (si lo necesitás) se puede hacer *a distancia*. 💻",
¿La carrera Licenciatura en Ciencias de la Computación es a distancia (online)?,Ingreso,Las carreras de grado de FAMAF son presenciales. Solamente se puede cursar el curso de nivelación a distancia.,"Todas las carreras de grado de la FAMAF son *presenciales*. Eso sí, el *curso de nivelación* (si lo necesitás) se puede hacer *a distancia*. 💻",
¿La carrera Licenciatura en Hidrometeorología es presencial?,Ingreso,Las carreras de grado de FAMAF son presenciales. Solamente se puede cursar el curso de nivelación a distancia.,"Todas las carreras de grado de la FAMAF son *presenciales*. Eso sí, el *curso de nivelación* (si lo necesitás) se puede hacer *a distancia*. 💻",
¿La carrera Licenciatura en Hidrometeorología es a distancia (online)?,Ingreso,Las carreras de grado de FAMAF son presenciales. Solamente se puede cursar el curso de nivelación a distancia.,"Todas las carreras de grado de la FAMAF son *presenciales*. Eso sí, el *curso de nivelación* (si lo necesitás) se puede hacer *a distancia*. 💻",
¿La carrera de Profesorado en Física tiene modalidad presencial?,Ingreso,Las carreras de grado de FAMAF son presenciales. Solamente se puede cursar el curso de nivelación a distancia.,"Todas las carreras de grado de la FAMAF son *presenciales*. Eso sí, el *curso de nivelación* (si lo necesitás) se puede hacer *a distancia*. 💻",
¿La carrera de Profesorado en Física es a distancia (online)?,Ingreso,Las carreras de grado de FAMAF son presenciales. Solamente se puede cursar el curso de nivelación a distancia.,"Todas las carreras de grado de la FAMAF son *presenciales*. Eso sí, el *curso de nivelación* (si lo necesitás) se puede hacer *a distancia*. 💻",
¿Hay alguna carrera que se dicte a distancia?,Ingreso,Las carreras de grado de FAMAF son presenciales. Solamente se puede cursar el curso de nivelación a distancia.,"Todas las carreras de grado de la FAMAF son *presenciales*. Eso sí, el *curso de nivelación* (si lo necesitás) se puede hacer *a distancia*. 💻",
¿El cursillo de ingreso es eliminatorio?,Ingreso,"El curso de nivelación de FAMAF no es eliminatorio, pero si cuenta como una materia más y es la primer correlativa para cualquier otra materia.","El cursillo de ingreso de la FAMAF *no es eliminatorio*, pero sí cuenta como una materia más y es la primera correlativa para cualquier otra materia. 📚",
¿Cómo hago la reinscripción anual a la propuesta en la que estoy?,Cursado,"Para realizar la reinscripción anual debes ingresar a Guaraní y en el inicio te saldrá un botón naranja que dice ""Reinscribirse"".","Si tenés que hacer la reinscripción anual a tu propuesta, seguí estos pasos:

1️⃣ Entrá a *Guaraní* con tus datos.
2️⃣ En la pantalla de inicio vas a ver un botón naranja que dice *""Reinscribirse""*. ¡Dale clic ahí! 💻",
"Ya realicé la preinscripción, ¿Qué es lo siguiente que debo hacer?",Ingreso,"Si ya tenes el comprobante de la preinscripción, lo único que queda es venir a clases y en la fecha correspondiente realizar la inscripción definitiva.","En caso de que tengas ya el comprobante de preinscripción, solo queda:

1️⃣ *Ir a clases* (¡a disfrutar de la uni! 📚).
2️⃣ *Hacer la inscripción definitiva* en la fecha que corresponde.
",
¿Cuánto dura la regularidad de una materia?,Cursado,La regularidad de una materia duran dos años y un turno de examen.,"La regularidad de una materia dura **2 años** y un turno de examen.
",
¿Me puedo inscribir a una materia como oyente?,Cursado,"Para cursar una o un grupo de materias en un cuatrimestre sin cursar toda la carrera, puedes solicitar inscripción como alumno/a vocacional, siguiendo el siguiente instructivo: https://docs.google.com/document/d/1-hWXC3_v-rpXJdCudmUgQmSXCHofVRgFERWc_j7YOwg/edit?tab=t.0","Si querés cursar una o varias materias sin estar inscripto/a en toda la carrera, podés hacerlo como *alumno vocacional*. 📚

👉 Solo tenés que seguir este *instructivo* paso a paso: [Instructivo de inscripción como alumno vocacional](https://docs.google.com/document/d/1-hWXC3_v-rpXJdCudmUgQmSXCHofVRgFERWc_j7YOwg/edit?tab=t.0)",
¿Qué sucede si repruebo el curso de nivelación?,Ingreso,"El curso de nivelación es una materia más y como tal, puede intentar volver a rendir en cualquier fecha de examen final. Incluso, podes empezar cursando las materias de una carrera como libre hasta que lo apruebes.","El curso de nivelación es como cualquier otra materia, así que podés volver a rendirlo en cualquier fecha de examen final 📚.

Además, tenés la opción de empezar a cursar las materias de tu carrera como *alumnx libre* hasta que lo apruebes. ¡Así no perdés tiempo! 💡",
"Aún no termine los estudios secundarios y quiero hacer la preinscripción, ¿Se puede?",Ingreso,"Es posible hacer la preinscripción si aún no terminaste el secundario, para eso cuando te solociten la constancia de estudios secundarios finalizados, debes adjuntar el certificado de alumno regular.","Se puede hacer la preinscripción aunque aún no hayas terminado el secundario.

Cuando te pidan la constancia de estudios secundarios finalizados, simplemente tenés que subir el *certificado de alumno regular*.",
Necesito información de la inscripciones a carreras para 2026.,Ingreso,En el siguiente enlace podes encontrar información sobre la inscripción a carreras para el 2026: https://www.famaf.unc.edu.ar/la-facultad/institucional/secretar%C3%ADas/secretaria-academica/preinscripcion/,"*Acá tenés toda la info que necesitás para las inscripciones a carreras 2026:*

🔗 *Entrá a este enlace y fijate bien todo lo que dice:* [Preinscripción FAMAF 2026](https://www.famaf.unc.edu.ar/la-facultad/institucional/secretar%C3%ADas/secretaria-academica/preinscripcion/)",
Necesito información sobre la carrera Licenciatura en Matemática,Ingreso,"En el siguiente enlace encontrarás toda la información sobre las carreras:
https://www.famaf.unc.edu.ar/academica/grado/","En este enlace tenés toda la info sobre la todas las carreras de la FAMAF: [https://www.famaf.unc.edu.ar/academica/grado/](https://www.famaf.unc.edu.ar/academica/grado

*Vas a encontrar:*
  👉 Planes de estudio
  👉 Requisitos de ingreso
  👉 Información sobre las materias",
Necesito información sobre la carrera Licenciatura en Astronomía,Ingreso,"En el siguiente enlace encontrarás toda la información sobre las carreras:
https://www.famaf.unc.edu.ar/academica/grado/","En este enlace tenés toda la info sobre la todas las carreras de la FAMAF: [https://www.famaf.unc.edu.ar/academica/grado/](https://www.famaf.unc.edu.ar/academica/grado

*Vas a encontrar:*
  👉 Planes de estudio
  👉 Requisitos de ingreso
  👉 Información sobre las materias",
Necesito información sobre la carrera Licenciatura en Física,Ingreso,"En el siguiente enlace encontrarás toda la información sobre las carreras:
https://www.famaf.unc.edu.ar/academica/grado/","En este enlace tenés toda la info sobre la todas las carreras de la FAMAF: [https://www.famaf.unc.edu.ar/academica/grado/](https://www.famaf.unc.edu.ar/academica/grado

*Vas a encontrar:*
  👉 Planes de estudio
  👉 Requisitos de ingreso
  👉 Información sobre las materias",
Necesito información sobre la carrera Licenciatura en Ciencias de la Computación,Ingreso,"En el siguiente enlace encontrarás toda la información sobre las carreras:
https://www.famaf.unc.edu.ar/academica/grado/","En este enlace tenés toda la info sobre la todas las carreras de la FAMAF: [https://www.famaf.unc.edu.ar/academica/grado/](https://www.famaf.unc.edu.ar/academica/grado

*Vas a encontrar:*
  👉 Planes de estudio
  👉 Requisitos de ingreso
  👉 Información sobre las materias",
Necesito información sobre la carrera Licenciatura en Matemática Aplicada,Ingreso,"En el siguiente enlace encontrarás toda la información sobre las carreras:
https://www.famaf.unc.edu.ar/academica/grado/","En este enlace tenés toda la info sobre la todas las carreras de la FAMAF: [https://www.famaf.unc.edu.ar/academica/grado/](https://www.famaf.unc.edu.ar/academica/grado

*Vas a encontrar:*
  👉 Planes de estudio
  👉 Requisitos de ingreso
  👉 Información sobre las materias",
Necesito información sobre la carrera Licenciatura en Hidrometeorología,Ingreso,"En el siguiente enlace encontrarás toda la información sobre las carreras:
https://www.famaf.unc.edu.ar/academica/grado/","En este enlace tenés toda la info sobre la todas las carreras de la FAMAF: [https://www.famaf.unc.edu.ar/academica/grado/](https://www.famaf.unc.edu.ar/academica/grado

*Vas a encontrar:*
  👉 Planes de estudio
  👉 Requisitos de ingreso
  👉 Información sobre las materias",
Necesito información sobre la carrera de Profesorado en Matemática,Ingreso,"En el siguiente enlace encontrarás toda la información sobre las carreras:
https://www.famaf.unc.edu.ar/academica/grado/","En este enlace tenés toda la info sobre la todas las carreras de la FAMAF: [https://www.famaf.unc.edu.ar/academica/grado/](https://www.famaf.unc.edu.ar/academica/grado

*Vas a encontrar:*
  👉 Planes de estudio
  👉 Requisitos de ingreso
  👉 Información sobre las materias",
Necesito información sobre la carrera de Profesorado en Física,Ingreso,"En el siguiente enlace encontrarás toda la información sobre las carreras:
https://www.famaf.unc.edu.ar/academica/grado/","En este enlace tenés toda la info sobre la todas las carreras de la FAMAF: [https://www.famaf.unc.edu.ar/academica/grado/](https://www.famaf.unc.edu.ar/academica/grado

*Vas a encontrar:*
  👉 Planes de estudio
  👉 Requisitos de ingreso
  👉 Información sobre las materias",
Necesito información sobre la carrera Analista en Computación,Ingreso,"En el siguiente enlace encontrarás toda la información sobre las carreras:
https://www.famaf.unc.edu.ar/academica/grado/","En este enlace tenés toda la info sobre la todas las carreras de la FAMAF: [https://www.famaf.unc.edu.ar/academica/grado/](https://www.famaf.unc.edu.ar/academica/grado

*Vas a encontrar:*
  👉 Planes de estudio
  👉 Requisitos de ingreso
  👉 Información sobre las materias",
Necesito información sobre la Tecnicatura Universitaria en Matemática Aplicada,Ingreso,"En el siguiente enlace encontrarás toda la información sobre las carreras:
https://www.famaf.unc.edu.ar/academica/grado/","En este enlace tenés toda la info sobre la todas las carreras de la FAMAF: [https://www.famaf.unc.edu.ar/academica/grado/](https://www.famaf.unc.edu.ar/academica/grado

*Vas a encontrar:*
  👉 Planes de estudio
  👉 Requisitos de ingreso
  👉 Información sobre las materias",
Necesito información sobre la Tecnicatura Universitaria en Atronomía,Ingreso,"En el siguiente enlace encontrarás toda la información sobre las carreras:
https://www.famaf.unc.edu.ar/academica/grado/","En este enlace tenés toda la info sobre la todas las carreras de la FAMAF: [https://www.famaf.unc.edu.ar/academica/grado/](https://www.famaf.unc.edu.ar/academica/grado

*Vas a encontrar:*
  👉 Planes de estudio
  👉 Requisitos de ingreso
  👉 Información sobre las materias",
"Me quiero inscribir a una materia pero figuran todas las comisiones llenas, ¿Qué hago?",Ingreso,"Los cupos a las materias se van abriendo a medida que se completan, aguarda unos minutos e intentalo nuevamente.","A veces las comisiones se llenan rápido, pero los cupos se van liberando a medida que otros estudiantes se inscriben o se ajustan las listas.

🔄 *Dale unos minutos y volvé a intentar.* Si seguís viendo todo lleno, podés volver a revisar más tarde o al otro día.",
"No pude hacer la preinscripción antes de la fecha de cierre, ¿Debo esperar otro año más?",Ingreso,"El curso de nivelación de FAMAF tiene 3 ediciones:

- Curso de nivelación intensivo:
- Destinado a: aquellas personas que deseen ingresar por primera vez a la facultad o a aquellas que no hayan completado el trámite de inscripción definitiva años anteriores (nuevxs ingresantes).
- Dictado: fines de enero y febrero de cada año
- Modalidad: intensiva y presencial. Se cursa de lunes a viernes, 4 hs por día, pudiendo optar por turno tarde (de 9 hs a 13 hs) o turno mañana (de 14 hs a 18 hs)
- Preinscripciones: una vez definidos, fechas y requisitos serán publicados en famaf.unc.edu.ar/ingresantes (aproximandamente a principios de noviembre estará la información)

- Re dictado del Curso de nivelación primer cuatrimestre:
- Destinado a: aquellas personas que hayan completado el trámite de inscripción definitiva en algún momento (estudiantes de FAMAF) y que no hayan aprobado el curso de nivelación en ediciones anteriores.
- Dictado: durante el primer cuatrimestre, consultar fechas exactas de Cursado en el Calendario Académico en el apartado ""Primer Cuatrimestre del año vigente - Grado y Posgrado"".
- Modalidad: no intensiva y presencial. Se cursa dos días por semana, 4 hs por día. Ver horarios en ""Horarios de cursada redictado"" en el siguiente enlace https://www.famaf.unc.edu.ar/la-facultad/institucional/secretar%C3%ADas/secretaria-academica/horarios-de-cursado/.
- Inscripciones: Por Guaraní, a través de la pestaña ""Inscripción a materias"" durante el periodo de Inscripciones del apartado ""Primer Cuatrimestre año vigente - Grado y Posgrado"" del Calendario Académico.

- Curso de nivelación no intensivo para nuevxs ingresantes:
- Destinado a: aquellas personas que deseen ingresar por primera vez a la facultad o que no hayan aprobado el curso de nivelación en ediciones anteriores. Pueden estar cursando el último año del secundario.
- Dictado: de agosto a diciembre de cada año
- Modalidad: no intensiva, presencial o a distancia. 4 hs semanales, pudiendo optar por los días viernes de 16 hs a 20 hs o los días sábados de 9 hs a 13 hs.
- Preinscripciones: una vez definidos, fechas y requisitos serán publicados en famaf.unc.edu.ar/ingresantes (aproximadamente en junio de ese mismo año estará disponible la información).

Si no lograste inscribirte antes que cierre el plazo pero no comenzaron las clases todavía, puedes contactarte con despachoestudiantes@famaf.unc.edu.ar para ver si es posible realizar la inscripción aún.","Si no pudiste hacer la preinscripción a tiempo, tenés otras opciones para ingresar a FAMAF este mismo año. Acá te cuento:

1️⃣ **Curso de nivelación intensivo** (para nuevxs ingresantes):
📅 *Fines de enero y febrero*
📍 *Presencial, modalidad intensiva*
🕒 *Lunes a viernes, 4 hs/día (turno mañana o tarde)*
📌 *Preinscripción: Info en* [famaf.unc.edu.ar/ingresantes](https://www.famaf.unc.edu.ar/ingresantes) *(desde principios de noviembre)*

2️⃣ **Re dictado del curso** (para estudiantes de FAMAF que no lo aprobaron):
📅 *Primer cuatrimestre (fechas exactas en el Calendario Académico)*
📍 *Presencial, modalidad no intensiva*
🕒 *2 días por semana, 4 hs/día*
📌 *Inscripción: Por Guaraní (en el Calendario Académico)*

3️⃣ **Curso de nivelación no intensivo** (para nuevxs ingresantes):
📅 *Agosto a diciembre*
📍 *Presencial o a distancia*
🕒 *4 hs semanales (viernes tarde o sábado mañana)*
📌 *Preinscripción: Info en* [famaf.unc.edu.ar/ingresantes](https://www.famaf.unc.edu.ar/ingresantes) *(desde junio)*

⚠️ *Si las clases aún no empezaron, escribí a* despachoestudiantes@famaf.unc.edu.ar *para ver si podés inscribirte igual.* 💡",
¿Cuando hay que inscribirse para hacer el curso de ingreso no intensivo?,Ingreso,Las preinscripciones para el curso de nivelación no intensivo (para el ingreso 2027) se llevarán a cabo desde el 1 de Junio hasta el 3 de Julio y las clases comenzarán el 24 de Julio del 2026 hasta el 14 de Noviembre.,"📅 *¡Atención!* Si querés anotarte para el curso de nivelación no intensivo (ingreso 2027), tenés plazo desde el **1 de junio** hasta el **3 de julio** para la preinscripción.

📚 Las clases arrancan el **24 de julio de 2026** y van hasta el **14 de noviembre**.
",
Me gustaría hacer entrega de una computadora a la facultad,Información General,Para realizar una entrega de cualquier artefacto electrónico a nuestra facultad deberías ponerte en contacto con secext@famaf.unc.edu.ar para coordinar la entrega.,"Si querés hacer una *donación* de una computadora o cualquier otro *artefacto electrónico* a la FAMAF, lo primero que tenés que hacer es *coordinar* la entrega.

📌 **Pasos a seguir:**
1️⃣ Enviá un correo a *secext@famaf.unc.edu.ar* explicando qué querés donar.
2️⃣ Ellos te van a decir cuál es el *mejor momento* y el *lugar* para hacer la entrega.

¡Muchas gracias!",
Me gustaría hacer entrega de una impresora a la facutlad,Información General,Para realizar una entrega de cualquier artefacto electrónico a nuestra facultad deberías ponerte en contacto con secext@famaf.unc.edu.ar para coordinar la entrega.,"Si querés hacer una *donación* de una computadora o cualquier otro *artefacto electrónico* a la FAMAF, lo primero que tenés que hacer es *coordinar* la entrega.

📌 **Pasos a seguir:**
1️⃣ Enviá un correo a *secext@famaf.unc.edu.ar* explicando qué querés donar.
2️⃣ Ellos te van a decir cuál es el *mejor momento* y el *lugar* para hacer la entrega.

¡Muchas gracias!",
Me gustaría hacer entrega de un monitor a la facutlad,Información General,Para realizar una entrega de cualquier artefacto electrónico a nuestra facultad deberías ponerte en contacto con secext@famaf.unc.edu.ar para coordinar la entrega.,"Si querés hacer una *donación* de una computadora o cualquier otro *artefacto electrónico* a la FAMAF, lo primero que tenés que hacer es *coordinar* la entrega.

📌 **Pasos a seguir:**
1️⃣ Enviá un correo a *secext@famaf.unc.edu.ar* explicando qué querés donar.
2️⃣ Ellos te van a decir cuál es el *mejor momento* y el *lugar* para hacer la entrega.

¡Muchas gracias!",
¿Cómo es el proceso para obtener equivalencias desde la UTN a FAMAF?,Información General,"En caso de que desees ingresar a FAMAF desde otra factulad, tenés que iniciar un trámite por email y pedir equivalencias de materias.

La recepción de solicitudes es desde el 1 de agosto al 31 de octubre y el resultado será entregado a comienzos del año siguiente para que puedas comenzar en FAMAF en marzo del año siguiente (una vez que te llegue el correo de confirmación). 

Para las equivalencias de materias no hay una tabla fija, ás bien cada caso se evalúa con una Comision Asesora de Equivalencias, contando también el Curso de Nivelación como cualquier otra materia.

La documentación requerida para este trámite se deve enviar vía email a oficialia@famaf.unc.edu.ar y consiste de:
1. Documentación Académica:
  - Certificado Analítico Oficial con notas, fechas de aprobación y constancia de aplazos.
  - Certificado de sanciones disciplinarias, indicando si tuvise o no.
  - Certificado de cancelación de matrícula, solo si la carrera es de igual nombre.
  - Programas oficiales legalizados de las materias aprobadas, con carga horaria, contenidos, trabajos o laboratorios y bibliografía.
  - Escala de calificaciones de tu institución de origen.
  - Plan de estudios de la carrera que cursaste.
  - Resolución ministerial que de validez nacional a la carrera.

2. Documentación Personal
  - Certificado de estudios secundarios completos, legalizado por la Oficialía Mayor de la UNC (https://www.unc.edu.ar/oficialia-mayor).
  - DNI (frente y dorso).
  - Constancia de CUIL.

Además de una nota dirigida al decano junto con los requisitos, en el siguiente enlace podes encontrar un modelo orentativo: https://tinyurl.com/equivalencias-externas-FAMAF

IMPORTANTE:
- Si el estudiante ya es alumno de FAMAF, debe aclararlo en la nota y en ese caso, el trámite puede presentarse en cualquier día del año. 
- Si querés ingresar a dos o más carreras, tenes que hacer un trámite separado para cada carrera.","Si querés pasar de la UTN a la FAMAF, acá te explico cómo pedir equivalencias de materias:

📅 **Plazos**: Podés enviar tu solicitud desde el *1 de agosto* hasta el *31 de octubre*. Los resultados los dan a comienzos del año siguiente, así podés empezar en marzo (cuando te llegue el correo confirmando).

🔍 **Evaluación**: No hay una tabla fija de equivalencias. Cada caso lo revisa una *Comisión Asesora*, y el *Curso de Nivelación* también se evalúa como cualquier otra materia.

📄 **Documentación**: Tenés que enviar todo por email a *oficialia@famaf.unc.edu.ar*. Acá lo que necesitás:

**Documentación Académica**:
🔹Certificado Analítico Oficial (con notas, fechas de aprobación y constancia de aplazos).
  🔹Certificado de sanciones disciplinarias (si las hay).
  🔹Certificado de cancelación de matrícula (solo si la carrera es de igual nombre).
  🔹Programas oficiales legalizados de las materias aprobadas (con carga horaria, contenidos, trabajos/laboratorios y bibliografía).
  🔹Escala de calificaciones de tu institución.
  🔹Plan de estudios de la carrera que cursaste.
  🔹Resolución ministerial que le da validez nacional a la carrera.

**Documentación Personal**:
  🔹Certificado de estudios secundarios completos (legalizado por la *Oficialía Mayor de la UNC*: [https://www.unc.edu.ar/oficialia-mayor](https://www.unc.edu.ar/oficialia-mayor)).
  🔹DNI (frente y dorso).
  🔹Constancia de CUIL.

📝 **Nota al Decano**: Además, tenés que incluir una nota dirigida al decano con todos los requisitos. Acá tenés un modelo para guiarte: [https://tinyurl.com/equivalencias-externas-FAMAF](https://tinyurl.com/equivalencias-externas-FAMAF).

⚠️ **Importante**:
  🔹Si ya sos alumno de la FAMAF, avisalo en la nota. En ese caso, podés hacer el trámite en cualquier momento del año.
  🔹Si querés ingresar a *dos o más carreras*, tenés que hacer un trámite separado para cada una.
",
¿Cual es el costo para realizar el curso de nivelación?,Ingreso,El curso de nivelación es gratuito.,El curso de nivelación es **totalmente gratuito** 🎉. ,
¿Cómo me inscribo para Analista en Computación? No me figura en Guaraní,Ingreso,"Analista en computación es el título intermedio de la carrera Licenciatura en Ciencias de la Computación, por lo que deberías inscribirte en esa carrera para obtener el título intermedio que se brinda en tercer año. ","*Analista en Computación* es el título intermedio de la *Licenciatura en Ciencias de la Computación*. Para anotarte, tenés que inscribirte en esa carrera. Así, podés obtener el título intermedio cuando llegues a *tercer año*.

Si no te figura en *Guaraní*, revisá bien la lista o contactá a la secretaría de la facultad por si hay algún detalle. 📚",
¿Cómo me inscribo para la Tecnicatura Universitaria en Matemática Aplicada? No me figura en Guaraní,Ingreso,"La Tecnicatura Universitaria en Matemática Aplicada es un título intermedio de la Licenciatura en Matemática Aplicada, por lo que deberías inscribirte en esa carrera para obtener este título intermedio que se brinda en tercer año."," La *Tecnicatura Universitaria en Matemática Aplicada* es un título intermedio de la *Licenciatura en Matemática Aplicada*. Para obtenerlo, tenés que inscribirte en esa carrera, ya que se otorga al finalizar el *tercer año*.",
¿Cómo me inscribo para la Tecnicatura Universitaria en Astronomía? No me figura en Guaraní,Ingreso,"La Tecnicatura Universitaria en Astronomía es un título intermedio correspondiente a los tres primeros años de la Licenciatura en Astronomía, por lo que deberías inscribirte en esa carrera para obtener este título intermedio.","La *Tecnicatura Universitaria en Astronomía* es como un *trampolín* para llegar a la *Licenciatura en Astronomía*. Es el título que obtenés después de los *primeros 3 años* de la carrera.

Para inscribirte, tenés que anotarte directamente en la *Licenciatura en Astronomía*. Así, al terminar esos años, ya tenés el título intermedio. 📚",
¿La presinscripción es virtual o presencial?,Ingreso,El proceso de preinscripción se realiza de manera virtual.,"La *presinscripción* es **100% virtual** 💻. No hace falta ir a la facultad, todo se gestiona online. 😊",