Preguntas,Categoría,Respuesta,Respuesta Mejorada, 
¿Dónde están ubicadas las aulas?,Cursado,"Las aulas D están ubicadas en las Baterías D: https://maps.app.goo.gl/r9WvtssCXKBm5pFR7
Las aulas A están ubicadas en las Baterías A: https://maps.app.goo.gl/NNVVoSNEnhuu5URT7
Las aulas C están ubicadas en: https://maps.app.goo.gl/VmdhSHiRMSpmjrhA8
Las aulas R están ubicadas dentro del pabellón de los reformistas: https://maps.app.goo.gl/4Ww7q68ZwufGS2FL9
Las aulas solo con número están ubicadas en el Edificio de FAMAF: https://maps.app.goo.gl/Ur9uQUBS4qvvMyyq6","Con estos enlaces podrás encontrar las aulas sin problemas:

📍 *Aulas D*: están en las Baterías D. Mirá el mapa: https://maps.app.goo.gl/r9WvtssCXKBm5pFR7
📍 *Aulas A*: están en las Baterías A. Mirá el mapa: https://maps.app.goo.gl/NNVVoSNEnhuu5URT7
📍 *Aulas C*: mirá el mapa: https://maps.app.goo.gl/VmdhSHiRMSpmjrhA8
📍 *Aulas R*: están en el pabellón de los reformistas. Mirá el mapa: https://maps.app.goo.gl/4Ww7q68ZwufGS2FL9
📍 *Aulas solo con número*: están en el Edificio de FAMAF. Mirá el mapa: https://maps.app.goo.gl/Ur9uQUBS4qvvMyyq6

Si necesitás más algo más, avisame 😊",
¿En qué aula se cursa una materia?,Cursado,El aula de cursado de cada materia está publicada en el siguiente enlace: https://www.famaf.unc.edu.ar/la-facultad/institucional/secretar%C3%ADas/secretaria-academica/horarios-de-cursado/,"Podés ver el aula donde cursas en los horarios de cursado mediante el siguiente enalce: 
🔗 https://www.famaf.unc.edu.ar/la-facultad/institucional/secretar%C3%ADas/secretaria-academica/horarios-de-cursado/

⚠️ *Dato importante:* Si el calendario de horarios aparece vacío, navegá con las flechas (< >) hasta una semana donde ya hayan comenzado las clases. ",
¿En qué horarios se cursa una materia?,Cursado,"Los horarios de cursado de las materias están disponibles en el siguiente enlace:
https://www.famaf.unc.edu.ar/la-facultad/institucional/secretar%C3%ADas/secretaria-academica/horarios-de-cursado/"," Podés ver los horarios de todas las materias en este link: 
🔗 https://www.famaf.unc.edu.ar/la-facultad/institucional/secretar%C3%ADas/secretaria-academica/horarios-de-cursado/ 

⚠️ *Dato importante:* Si el calendario de horarios aparece vacío, navegá con las flechas (< >) hasta una semana donde ya hayan comenzado las clases. ",
¿Cómo puedo inscribirme en el Régimen Especial de Cursado (RE)?,Cursado,"Para inscribirte al Régimen Especial de Cursado (RE) es necesario completar el siguiente formulario:

https://forms.gle/EYCtgdb5Ld6tHNjT9

El formulario es para realizar la inscripción al Régimen Especial de cursado correspondiente al cuatrimestre que estés cursando.

El proceso de inclusión del estudiante al RE no es automático, sino que se revisará la documentación enviada y se confeccionará un Certificado Único de Régimen de Excepciones al Sistema de Cursado de Estudiantes (CUREE). Luego de que se realice este proceso, recibirán un mail confirmando su inscripción al régimen y explicando los pasos para la entrega del CUREE.

Desde ese entonces, los estudiantes deberán inscribirse a las materias y turnos elegidos a través del sistema GUARANÍ. En caso de que el sistema no lo permita por saturación de una comisión, pueden comunicarse con Despacho de Estudiantes de lunes a viernes de 9 a 14 horas o a través del correo despachoestudiantes@famaf.unc.edu.ar presentando el CUREE y solicitando ser inscripto/a en las comisiones elegidas (derecho que solo puede hacerse valer durante los períodos de inscripción de las materias).

Cualquier otra duda consultar con la Secretaría de Asuntos Estudiantiles al email.","📌 *Inscripción al Régimen Especial de Cursado (RE):*

Para anotarte al RE, completá este formulario que corresponde con el de este cuatri:
🔗 https://forms.gle/EYCtgdb5Ld6tHNjT9

⚠️ *Dato importante:* El formulario de inscripción cambia en cada cuatrimestre.

*Proceso de inscripción*:

✅ No es automático. Revisan tu documentación y confeccionan un *Certificado Único de Régimen de Excepciones al Sistema de Cursado de Estudiantes (CUREE)*.

✅ Cuando este listo, te enviarán un mail confirmando tu inscripción y explicando cómo entregar el CUREE.

Cuando lo tengas, te inscribís a las materias y turnos elegidos mediante Guaraní. *Si el sistema no te deja* podés comunicarte con *Despacho de Estudiantes* de *lunes a viernes de 9 a 14 hs* o vía mail a despachoestudiantes@famaf.unc.edu.ar para pedir que te inscriban en las comisión que querías.

*Te quedaron dudas?*

Podes escribiles a la *Secretaría de Asuntos Estudiantiles* por mail.",
¿Cómo puedo inscribirme al Régimen de Alumno Trabajador?,Cursado,"Para inscribirte al Régimen Especial de Cursado (RE) es necesario completar el siguiente formulario:

https://forms.gle/EYCtgdb5Ld6tHNjT9

El formulario es para realizar la inscripción al Régimen Especial de cursado correspondiente al cuatrimestre que estés cursando.

El proceso de inclusión del estudiante al RE no es automático, sino que se revisará la documentación enviada y se confeccionará un Certificado Único de Régimen de Excepciones al Sistema de Cursado de Estudiantes (CUREE). Luego de que se realice este proceso, recibirán un mail confirmando su inscripción al régimen y explicando los pasos para la entrega del CUREE.

Desde ese entonces, los estudiantes deberán inscribirse a las materias y turnos elegidos a través del sistema GUARANÍ. En caso de que el sistema no lo permita por saturación de una comisión, pueden comunicarse con Despacho de Estudiantes de lunes a viernes de 9 a 14 horas o a través del correo despachoestudiantes@famaf.unc.edu.ar presentando el CUREE y solicitando ser inscripto/a en las comisiones elegidas (derecho que solo puede hacerse valer durante los períodos de inscripción de las materias).

Cualquier otra duda consultar con la Secretaría de Asuntos Estudiantiles al email.","📌 *Inscripción al Régimen Especial de Cursado (RE):*

Para anotarte al RE, completá este formulario que corresponde con el de este cuatri:
🔗 https://forms.gle/EYCtgdb5Ld6tHNjT9

⚠️ *Dato importante:* El formulario de inscripción cambia en cada cuatrimestre.

*Proceso de inscripción*:

✅ No es automático. Revisan tu documentación y confeccionan un *Certificado Único de Régimen de Excepciones al Sistema de Cursado de Estudiantes (CUREE)*.

✅ Cuando este listo, te enviarán un mail confirmando tu inscripción y explicando cómo entregar el CUREE.

Cuando lo tengas, te inscribís a las materias y turnos elegidos mediante Guaraní. *Si el sistema no te deja* podés comunicarte con *Despacho de Estudiantes* de *lunes a viernes de 9 a 14 hs* o vía mail a despachoestudiantes@famaf.unc.edu.ar para pedir que te inscriban en las comisión que querías.

*Te quedaron dudas?*

Podes escribiles a la *Secretaría de Asuntos Estudiantiles* por mail.",
¿Cómo puedo inscribirme al Régimen Trabajador?,Cursado,"Para inscribirte al Régimen Especial de Cursado (RE) es necesario completar el siguiente formulario:

https://forms.gle/EYCtgdb5Ld6tHNjT9

El formulario es para realizar la inscripción al Régimen Especial de cursado correspondiente al cuatrimestre que estés cursando.

El proceso de inclusión del estudiante al RE no es automático, sino que se revisará la documentación enviada y se confeccionará un Certificado Único de Régimen de Excepciones al Sistema de Cursado de Estudiantes (CUREE). Luego de que se realice este proceso, recibirán un mail confirmando su inscripción al régimen y explicando los pasos para la entrega del CUREE.

Desde ese entonces, los estudiantes deberán inscribirse a las materias y turnos elegidos a través del sistema GUARANÍ. En caso de que el sistema no lo permita por saturación de una comisión, pueden comunicarse con Despacho de Estudiantes de lunes a viernes de 9 a 14 horas o a través del correo despachoestudiantes@famaf.unc.edu.ar presentando el CUREE y solicitando ser inscripto/a en las comisiones elegidas (derecho que solo puede hacerse valer durante los períodos de inscripción de las materias).

Cualquier otra duda consultar con la Secretaría de Asuntos Estudiantiles al email.","📌 *Inscripción al Régimen Especial de Cursado (RE):*

Para anotarte al RE, completá este formulario que corresponde con el de este cuatri:
🔗 https://forms.gle/EYCtgdb5Ld6tHNjT9

⚠️ *Dato importante:* El formulario de inscripción cambia en cada cuatrimestre.

*Proceso de inscripción*:

✅ No es automático. Revisan tu documentación y confeccionan un *Certificado Único de Régimen de Excepciones al Sistema de Cursado de Estudiantes (CUREE)*.

✅ Cuando este listo, te enviarán un mail confirmando tu inscripción y explicando cómo entregar el CUREE.

Cuando lo tengas, te inscribís a las materias y turnos elegidos mediante Guaraní. *Si el sistema no te deja* podés comunicarte con *Despacho de Estudiantes* de *lunes a viernes de 9 a 14 hs* o vía mail a despachoestudiantes@famaf.unc.edu.ar para pedir que te inscriban en las comisión que querías.

*Te quedaron dudas?*

Podes escribiles a la *Secretaría de Asuntos Estudiantiles* por mail.",
¿Qué es el Régimen Especial de Cursado (RE)?,Cursado,"El Régimen Especial de Cursado (RE) permite a los/as estudiantes que se encuentren en situación de trabajo, enfermedad o embarazo y/o que tengan persona/s a cargo, acceder a los siguientes derechos:

1. Eximición del requisito de asistencia a clase para regularizar o promocionar una materia.
2. Eximición del requisito de asistir a los laboratorios, excepto cuando estas actividades sean necesariamente presenciales.
3. Posibilidad de rendir los parciales en un día y horario especial.
4. Prioridad para la elección de la comisión de cursada al momento de la inscripción del cuatrimestre.","📌 *Régimen Especial de Cursado (RE)*

Es un beneficio para estudiantes que se encuentren en situación de *trabajo, enfermedad, embarazo y/o tengan persona/s a cargo*, que les permite acceder a los sigueintes derechos:

* *No tenés que cumplir con el mínimo de asistencia* para regularizar o promocionar una materia.
* *No necesitás ir a los laboratorios* (solo si son presenciales obligatorios).
* *Podés rendir parciales en otro día y horario* si lo necesitás.
* *Tenés prioridad para elegir comisión* al inscribirte.

Más info: 🔗 https://www.famaf.unc.edu.ar/la-facultad/institucional/secretar%C3%ADas/secretaria-de-asuntos-estudiantiles/r%C3%A9gimen-especial-de-cursado-de-famaf-primer-cuatrimestre-2023/",
¿Qué es el Régimen de Alumno Trabajador?,Cursado,"El Régimen Especial de Cursado (RE) permite a los/as estudiantes que se encuentren en situación de trabajo, enfermedad o embarazo y/o que tengan persona/s a cargo, acceder a los siguientes derechos:

1. Eximición del requisito de asistencia a clase para regularizar o promocionar una materia.
2. Eximición del requisito de asistir a los laboratorios, excepto cuando estas actividades sean necesariamente presenciales.
3. Posibilidad de rendir los parciales en un día y horario especial.
4. Prioridad para la elección de la comisión de cursada al momento de la inscripción del cuatrimestre.","📌 *Régimen Especial de Cursado (RE)*

Es un beneficio para estudiantes que se encuentren en situación de *trabajo, enfermedad, embarazo y/o tengan persona/s a cargo*, que les permite acceder a los sigueintes derechos:

* *No tenés que cumplir con el mínimo de asistencia* para regularizar o promocionar una materia.
* *No necesitás ir a los laboratorios* (solo si son presenciales obligatorios).
* *Podés rendir parciales en otro día y horario* si lo necesitás.
* *Tenés prioridad para elegir comisión* al inscribirte.

Más info: 🔗 https://www.famaf.unc.edu.ar/la-facultad/institucional/secretar%C3%ADas/secretaria-de-asuntos-estudiantiles/r%C3%A9gimen-especial-de-cursado-de-famaf-primer-cuatrimestre-2023/",
¿Qué es el Régimen Trabajador?,Cursado,"El Régimen Especial de Cursado (RE) permite a los/as estudiantes que se encuentren en situación de trabajo, enfermedad o embarazo y/o que tengan persona/s a cargo, acceder a los siguientes derechos:

1. Eximición del requisito de asistencia a clase para regularizar o promocionar una materia.
2. Eximición del requisito de asistir a los laboratorios, excepto cuando estas actividades sean necesariamente presenciales.
3. Posibilidad de rendir los parciales en un día y horario especial.
4. Prioridad para la elección de la comisión de cursada al momento de la inscripción del cuatrimestre.","📌 *Régimen Especial de Cursado (RE)*

Es un beneficio para estudiantes que se encuentren en situación de *trabajo, enfermedad, embarazo y/o tengan persona/s a cargo*, que les permite acceder a los sigueintes derechos:

* *No tenés que cumplir con el mínimo de asistencia* para regularizar o promocionar una materia.
* *No necesitás ir a los laboratorios* (solo si son presenciales obligatorios).
* *Podés rendir parciales en otro día y horario* si lo necesitás.
* *Tenés prioridad para elegir comisión* al inscribirte.

Más info: 🔗 https://www.famaf.unc.edu.ar/la-facultad/institucional/secretar%C3%ADas/secretaria-de-asuntos-estudiantiles/r%C3%A9gimen-especial-de-cursado-de-famaf-primer-cuatrimestre-2023/",
¿Cómo es el trámite para solicitar el diploma digital?,Cursado,"La solicitud de la certificación se realiza desde el Sistema Guaraní, los pasos están detallados en el siguiente instructivo:
https://drive.google.com/file/d/1pkY8i3dxU-Muz6KZUNN8CnrkxaXulGgZ/view?usp=sharing","📌 *Diploma digital:*

Seguí este instructivo paso a paso para obtenerlo:
 🔗 https://drive.google.com/file/d/1pkY8i3dxU-Muz6KZUNN8CnrkxaXulGgZ/view?usp=sharing",
¿En qué aula tengo que rendir un examen final?,Exámenes,Las aulas designadas para rendir una materia son informadas unos días antes de la fecha de examen a través de la página web del Despacho de Estudiantes de FAMAF: https://www.famaf.unc.edu.ar/la-facultad/institucional/areas-y-departamentos/%C3%A1rea-direcci%C3%B3n-de-ense%C3%B1anza/despacho-de-Estudiantes-informa/,"Las aulas para rendir se publican unos días antes en la web del *Despacho de Estudiantes*:
🔗 https://www.famaf.unc.edu.ar/la-facultad/institucional/areas-y-departamentos/%C3%A1rea-direcci%C3%B3n-de-ense%C3%B1anza/despacho-de-Estudiantes-informa/

✅ ¡No te olvides de revisarlo unos días antes del examen!",
¿Cuál es el Calendario Académico 2026?,Información General,"Los Calendarios Académicos de todos los años los podes encontrar en el siguiente enlace:

https://www.famaf.unc.edu.ar/la-facultad/institucional/secretar%C3%ADas/secretaria-academica/calendario-acad%C3%A9mico/

Allí vas a encontrar información sobre los períodos de cursado, las épocas de exámenes y las fechas de las colaciones correspondientes al año.","📅 *Calendario Académico:*

Ahí vas a encontrar
* Épocas de cursado.
* Fechas de exámenes.
* Colaciones.

🔗 En este enlace podés encontrar el de este año y el de años anteriores: https://www.famaf.unc.edu.ar/la-facultad/institucional/secretar%C3%ADas/secretaria-academica/calendario-acad%C3%A9mico/

Si necesitás algo más, avisame 😊",
¿Qué requisitos piden para la equivalencia externa si vengo de otra facultad y quiero cambiarme a FAMAF?,Ingreso,"En caso de que desees ingresar a FAMAF desde otra factulad, tenés que iniciar un trámite por email y pedir equivalencias de materias.

La recepción de solicitudes es desde el 1 de agosto al 31 de octubre y el resultado será entregado a comienzos del año siguiente para que puedas comenzar en FAMAF en marzo del año siguiente (una vez que te llegue el correo de confirmación). 

Para las equivalencias de materias no hay una tabla fija, más bien cada caso se evalúa con una Comision Asesora de Equivalencias, contando también el Curso de Nivelación como cualquier otra materia.

La documentación requerida para este trámite se debe enviar vía email a oficialia@famaf.unc.edu.ar y consiste de:
1. Documentación Académica:
  - Certificado Analítico Oficial con notas, fechas de aprobación y constancia de aplazos.
  - Certificado de sanciones disciplinarias, indicando si tuvise o no.
  - Certificado de cancelación de matrícula, solo si la carrera es de igual nombre.
  - Programas oficiales legalizados de las materias aprobadas, con carga horaria, contenidos, trabajos o laboratorios y bibliografía.
  - Escala de calificaciones de tu institución de origen.
  - Plan de estudios de la carrera que cursaste.
  - Resolución ministerial que de validez nacional a la carrera.

2. Documentación Personal
  - Certificado de estudios secundarios completos, legalizado por la Oficialía Mayor de la UNC (https://www.unc.edu.ar/oficialia-mayor).
  - DNI (frente y dorso).
  - Constancia de CUIL.

Además de una nota dirigida al decano junto con los requisitos, en el siguiente enlace podes encontrar un modelo orentativo: https://tinyurl.com/equivalencias-externas-FAMAF

IMPORTANTE:
- Si el estudiante ya es alumno de FAMAF, debe aclararlo en la nota y en ese caso, el trámite puede presentarse en cualquier día del año. 
- Si querés ingresar a dos o más carreras, tenes que hacer un trámite separado para cada carrera.","📌 *Requisitos para equivalencia externa*

Si venís de otra facultad y querés cambiarte a FAMAF, acá te explico cómo hacerlo:

📅 *Plazos*:
* Desde el 01/08 al 31/10 podés enviar tu solicitud.
* El resultado lo tenés a comienzos del año siguiente.
* Empezás en FAMAF en marzo del año próximo (cuando te confirmen por mail).

🔍 *Evaluación*:
* No hay tabla fija: cada caso lo evalúa una Comisión Asesora.
* El Curso de Nivelación también se considera.

📄 *Documentación*:

1. *Académica*:
* Certificado Analítico Oficial (con notas, fechas y constancias de aplazos).
* Certificado de sanciones disciplinarias.
* Certificado de cancelación de matrícula (solo si el nombre de la carrera es igual).
* Programas oficiales de materias aprobadas (contenidos, carga horaria, bilbiografías, trabajos o laboratorios).
* Escala de calificaciones de la facultad que venís.
* Plan de estudios de la carrera que cursaste.
* Resolución ministerial que valide tu carrera.

2. *Personal*:
* Certificado de estudios secundarios completos (legalizado por Oficialía Mayor UNC: https://www.unc.edu.ar/oficialia-mayor).
* DNI (frente y dorso).
* Constancia de CUIL.

3. *Nota*:
* Incluí una nota dirigida al decano.
* Podés usar este modelo como referencia: https://tinyurl.com/equivalencias-externas-FAMAF

⚠️ *Importante*:
* Si ya sos alumno de FAMAF, aclaralo en la nota y podés hacer el trámite en cualquier momento.
* Si querés ingresar a más de una carrera, hacé un trámite por cada una.

📩 *Enviá todo* a oficialia@famaf.unc.edu.ar",
¿Cómo hacer la preinscripción para el curso de nivelación intensivo 2026 de FAMAF?,Ingreso,"La preinscripción al Curso de Nivelación intensivo de FAMAF se encuentra abierta desde el 3 de noviembre hasta el 12 de diciembre de 2025. Este se dictará durante enero y febrero del año 2026, para los que deseen ingresar a una carrera en FAMAF en 2026.

Para inscribirte necesitás tener un usuario en Sistema Guaraní; en caso de que no tengas, podés solicitarlo mediante el siguiente formulario:
https://preinscripcion.guarani.unc.edu.ar/preinscripcion/

Si ya tenés un usuario en sistema Guaraní, tenés que ingresar y seguir los pasos del siguiente video-tutorial:

https://www.youtube.com/watch?v=deQuWbJnEDU

En caso de que seas alumno extranjero deberás seguir los pasos del siguiente instructivo:

https://docs.google.com/document/d/1lea6U_TZ7dL1BqoBUjWK0cS2jW7ar4hCmtuIODqtSqQ/edit?tab=t.0","📅 *Preinscripción - Curso de Nivelación Intensivo 2026*

Se encuentra abierta desde el 03/11/2025 hasta el 12/12/2025. 

*Pasos para inscribirte*:

Necesitas un usuario en el sistema Guaraní. En caso de que no lo tengas, podes crearlo desde acá: 
🔗 https://preinscripcion.guarani.unc.edu.ar/preinscripcion/

Si ya tenés usuario, seguí este *video-tutorial*: 
🔗 https://www.youtube.com/watch?v=deQuWbJnEDU

💡 *Importante:* si sos *alumno extranjero*, seguí este instructivo: https://docs.google.com/document/d/1lea6U_TZ7dL1BqoBUjWK0cS2jW7ar4hCmtuIODqtSqQ/edit?tab=t.0 

 ",
¿Cómo hacer la preinscripción para el cursillo intensivo 2026 de FAMAF?,Ingreso,"La preinscripción al Curso de Nivelación intensivo de FAMAF se encuentra abierta desde el 3 de noviembre hasta el 12 de diciembre de 2025. Este se dictará durante enero y febrero del año 2026, para los que deseen ingresar a una carrera en FAMAF en 2026.

Para inscribirte necesitás tener un usuario en Sistema Guaraní; en caso de que no tengas, podés solicitarlo mediante el siguiente formulario:
https://preinscripcion.guarani.unc.edu.ar/preinscripcion/

Si ya tenés un usuario en sistema Guaraní, tenés que ingresar y seguir los pasos del siguiente video-tutorial:

https://www.youtube.com/watch?v=deQuWbJnEDU

En caso de que seas alumno extranjero deberás seguir los pasos del siguiente instructivo:

https://docs.google.com/document/d/1lea6U_TZ7dL1BqoBUjWK0cS2jW7ar4hCmtuIODqtSqQ/edit?tab=t.0","📅 *Preinscripción - Curso de Nivelación Intensivo 2026*

Se encuentra abierta desde el 03/11/2025 hasta el 12/12/2025. 

*Pasos para inscribirte*:

Necesitas un usuario en el sistema Guaraní. En caso de que no lo tengas, podes crearlo desde acá: 
🔗 https://preinscripcion.guarani.unc.edu.ar/preinscripcion/

Si ya tenés usuario, seguí este *video-tutorial*: 
🔗 https://www.youtube.com/watch?v=deQuWbJnEDU

💡 *Importante:* si sos *alumno extranjero*, seguí este instructivo: https://docs.google.com/document/d/1lea6U_TZ7dL1BqoBUjWK0cS2jW7ar4hCmtuIODqtSqQ/edit?tab=t.0 

 ",
¿Cómo hacer la preinscripción para el curso de ingreso intensivo 2026 de FAMAF?,Ingreso,"La preinscripción al Curso de Nivelación intensivo de FAMAF se encuentra abierta desde el 3 de noviembre hasta el 12 de diciembre de 2025. Este se dictará durante enero y febrero del año 2026, para los que deseen ingresar a una carrera en FAMAF en 2026.

Para inscribirte necesitás tener un usuario en Sistema Guaraní; en caso de que no tengas, podés solicitarlo mediante el siguiente formulario:
https://preinscripcion.guarani.unc.edu.ar/preinscripcion/

Si ya tenés un usuario en sistema Guaraní, tenés que ingresar y seguir los pasos del siguiente video-tutorial:

https://www.youtube.com/watch?v=deQuWbJnEDU

En caso de que seas alumno extranjero deberás seguir los pasos del siguiente instructivo:

https://docs.google.com/document/d/1lea6U_TZ7dL1BqoBUjWK0cS2jW7ar4hCmtuIODqtSqQ/edit?tab=t.0","📅 *Preinscripción - Curso de Nivelación Intensivo 2026*

Se encuentra abierta desde el 03/11/2025 hasta el 12/12/2025. 

*Pasos para inscribirte*:

Necesitas un usuario en el sistema Guaraní. En caso de que no lo tengas, podes crearlo desde acá: 
🔗 https://preinscripcion.guarani.unc.edu.ar/preinscripcion/

Si ya tenés usuario, seguí este *video-tutorial*: 
🔗 https://www.youtube.com/watch?v=deQuWbJnEDU

💡 *Importante:* si sos *alumno extranjero*, seguí este instructivo: https://docs.google.com/document/d/1lea6U_TZ7dL1BqoBUjWK0cS2jW7ar4hCmtuIODqtSqQ/edit?tab=t.0 

 ",
¿Cuándo y en qué modalidades se puede hacer el curso de nivelación de FAMAF?,Ingreso,"El curso de nivelación de FAMAF tiene 3 ediciones:

- Curso de nivelación intensivo:
- Destinado a: aquellas personas que deseen ingresar por primera vez a la facultad o a aquellas que no hayan completado el trámite de inscripción definitiva años anteriores (nuevxs ingresantes).
- Dictado: fines de enero y febrero de cada año
- Modalidad: intensiva y presencial. Se cursa de lunes a viernes, 4 hs por día, pudiendo optar por turno mañana (de 9 hs a 13 hs) o turno tarde (de 14 hs a 18 hs)
- Preinscripciones: una vez definidos, fechas y requisitos serán publicados en famaf.unc.edu.ar/ingresantes (aproximandamente a principios de noviembre estará la información)

- Re dictado del Curso de nivelación primer cuatrimestre:
- Destinado a: aquellas personas que hayan completado el trámite de inscripción definitiva en algún momento (estudiantes de FAMAF) y que no hayan aprobado el curso de nivelación en ediciones anteriores.
- Dictado: durante el primer cuatrimestre, consultar fechas exactas de Cursado en el Calendario Académico en el apartado ""Primer Cuatrimestre del año vigente - Grado y Posgrado"".
- Modalidad: no intensiva y presencial. Se cursa dos días por semana, 4 hs por día. Ver horarios en ""Horarios de cursada redictado"" en el siguiente enlace https://www.famaf.unc.edu.ar/la-facultad/institucional/secretar%C3%ADas/secretaria-academica/horarios-de-cursado/.
- Inscripciones: Por Guaraní, a través de la pestaña ""Inscripción a materias"" durante el periodo de Inscripciones del apartado ""Primer Cuatrimestre año vigente - Grado y Posgrado"" del Calendario Académico.

- Curso de nivelación no intensivo para nuevxs ingresantes:
- Destinado a: aquellas personas que deseen ingresar por primera vez a la facultad o que no hayan aprobado el curso de nivelación en ediciones anteriores. Pueden estar cursando el último año del secundario.
- Dictado: de agosto a diciembre de cada año
- Modalidad: no intensiva, presencial o a distancia. 4 hs semanales, pudiendo optar por los días viernes de 16 hs a 20 hs o los días sábados de 9 hs a 13 hs.
- Preinscripciones: una vez definidos, fechas y requisitos serán publicados en famaf.unc.edu.ar/ingresantes (aproximadamente en junio de ese mismo año estará disponible la información)

El curso de nivelación es el mismo para todas las carreras.","📚 *Curso de nivelación de FAMAF*

El curso de nivelación de FAMAF tiene 3 ediciones:

👉 *Modalidad intensiva* (para nuevxs ingresantes):
* Se dicta a fines de enero y febrero de cada año.
* La modalidad es intensiva y presencial, 4 hs/día en dos turnos:
      ↳ Mañana (9 a 13 hs).
      ↳ Tarde (14 a 18 hs).
* Toda la información sobre la preinscripción se publica en https://famaf.unc.edu.ar/ingresantes (aproximadamente desde principios de noviembre).

👉 *Re dictado primer cuatrimestre* (para estudiantes que realizaron la inscripción definitiva):
* Se dicta durante el primer cuatrimestre (fechas exactas en el Calendario Académico).
* La modalidad es no intensiva y presencial, 2 días/semana, 4 hs/día (horarios acá https://www.famaf.unc.edu.ar/la-facultad/institucional/secretar%C3%ADas/secretaria-academica/horarios-de-cursado/).
* La inscripción se realiza por Guaraní durante el periodo de inscripciones (ver Calendario Académico).

👉 *Modalidad no intensiva* (para nuevxs ingresantes que pueden estar en el útlio año del secundario):
* Se dicta durante agosto de cada año. 
* La modalidad puede ser presencial o a distancia, 4 hs/semana ya sea:
      ↳ Viernes de 16 hs a 20 hs.
      ↳Sábados de 9 hs a 13 hs.
* Toda la información será publicada en https://famaf.unc.edu.ar/ingresantes (aproximadamente desde junio).

✅ El curso de nivelación es el mismo para todas las carreras. ¡Cualquier duda, avisame!",
¿Qué documentación tengo que llevar para hacer la inscripción definitiva?,Ingreso,"La inscripción definitiva tendrá lugar del 2 al 23 de ferbrero de 2026.

Para realizar el trámite deberás enviar un mail a despachoestudiantes@famaf.unc.edu.ar con el asunto ""INSCRIPCIÓN DEFINITIVA"" y adjuntar (en un solo archivo) el Certificado Analítico o en caso de aún no tenerlo, la constancia de título del secundario en trámite con la leyenda ""no adeuda materias"".

Tras la INSCRIPCIÓN DEFINITIVA el/la INGRESANTE pasa a ser ESTUDIANTE DE LA UNIVERSIDAD.","📌 *Inscripción definitiva 2026*

Se realiza desde 2 al 23 de febrero.

Para hacerla mandá un mail a despachoestudiantes@famaf.unc.edu.ar con el asunto *INSCRIPCIÓN DEFINITIVA*, adjuntando en un solo archivo el *Certificado Analítico* o, si no lo tenés, la *constancia de título del secundario en trámite* (con la leyenda *no adeuda materias*).

Una vez hecha la inscripción, ¡sos oficialmente *estudiante de la UNC*! 🎉",
¿Cuál es la diferencia de inscribirse a las materias como libre o regular?,Ingreso,"El régimen de correlatividades de cada carrera establece:
1. Cuáles materias deben haberse aprobado y
2. Cuáles materias deben haberse regularizado

Para poder inscribirse como estudiante regular de una nueva materia. Quienes se inscriban como tal, podrán alcanzar, al finalizar la misma, y asumiendo que hayan cumplido durante su cursado con los requisitos establecidos en su programa, la condición de estudiante regular de esa materia. Cada estudiante que haya alcanzado esa condición tendrá derecho, por el término de dos años, a rendir el examen de la materia con el mismo programa con que la regularizó. En algunas materias puede incluso existir el beneficio de un examen diferenciado para aquellos/as estudiantes que alcanzaron la regularidad. Si la materia es promocionable, quienes hayan aprobado las materias del punto 2 tendrán la posibilidad de alcanzar la promoción de la materia cumpliendo con los requisitos establecidos en su programa.

Quienes no cumplan con el requisito mencionado en el punto 2 podrán solicitar excepcionalmente la inscripción como estudiante libre a la Secretaría Académica. En caso de aceptarse, tendrán derecho a rendir los parciales y realizar los trabajos prácticos y demás actividades de la materia, pero no podrán alcanzar la condición de estudiante regular ni promocional.","📌 *Inscripción regular*:
* Cumplís con las *correlatividades* de tu carrera (materias aprobadas o regularizadas).
* Podés promocionar si la materia lo permite.
* Tenés 2 años para rendir el final con el mismo programa.
* En algunas materias, puede existir el eneficio de un examen diferenciado.

📌 *Inscripción libre*:
* No cumplís las correlatividades.
* Podés cursar y rendir parciales, pero no promocionás.
* No podrás obtener la regularidad.

🔗 Más info: https://tinyurl.com/faq-ingresantes",
¿Cómo me inscribo para cursar las materias?,Ingreso,"La inscripción a las materias se realizará según la siguiente categorías:

La fecha de inscripción serán desde el día 2 de Marzo a las 14:00 hs hasta el día 13 de Marzo a las 23:59 horas. Exceptuando las materias del primer cuatrimestre de primer año que se habilitarán a partir del día 3 de Marzo a las 14:00 hs hasta el 14 de Marzo a las 23:59 hs.

Ingresantes:

Los ingresantes que realizaron la inscripción definitiva y hayan promocionado, aprobado el examen o regularizado el curso de nivelación, podrán inscribirse a cursar las materias de primer año que se dictarán en el primer cuatrimestre a través de Guaraní, siguiende los siguientes pasos:

1. Ingresar a Guaraní y buscar la opción ""Inscripción a Materias"".
2. Elegí la materia que desees cursar y hace clic en ""Inscribirse"".
3. Esperar unos días para ingresar al Aula Virtual de la materia.

Recordá que ya se encuentrán cargadas las notas de promocion (Aprobado o Reprobado) en el ""Historia Académica"" dentro de tu Guaraní. En caso de rendir examen el 4 de Marzo, las notas estarán cargadas en este mismo menú entre el 5 y el 6 de Marzo.

Los ingresantes que NO realizaron la inscripción definitiva, podrán inscribirse a cursar materias de forma condicional, siempre y cuando hayan aprobado o regularizado el Curso de Nivelación llenando el siguiente formulario: https://forms.gle/QPTgwJexfJqqqHKE7. Recueden hacer la inscripción definitiva apenas obtengan el Certificado de Secundario Completo o Constancia., enviándola a despachoestudiantes@famaf.unc.edu.ar hasta el 30 de Abril.

No ingresantes:

Para alumnos no ingresantes primero deberán ingresar a Guaraní y, antes que nada, realizar la reinscripción anual. Luego, seguir los siguientes pasos.

1. Ingresar al menú ""Inscripción a Materias"".
2. Elegí la materia que desees cursar y hace clic en ""Inscribirse"".
2. Una vez inscripto/a en Guaraní deberás esperar hasta el martes 10 de marzo para entrar al Aula Virutal de la materia.

Para verificar las aulas y horarios de cursado lo podes hacer en Guaraní dentro del menú ""Reportes"" y seleccionando ""Agenda"" o podes hacerlo desde la página web de FAMAF en https://www.famaf.unc.edu.ar/la-facultad/institucional/secretar%C3%ADas/secretaria-academica/horarios-de-cursado/ seleccionando la carrera que estás cursando y mover el selector de fechas hasta la semana del 9 de marzo del 2026 para poder visualizar los horarios de clase.

Especialidades y Optativas:

Para inscribirte en Especialidades u Optativas deberás llenar el siguiente formulario: https://forms.gle/VccEhhg5BVnDU85H9, una vez que tu solicitud sea procesada se te informará al email si has sido inscripto/a o no.

Para los alumnos de intercambio (Estudiante Regular Internacional) y vocacionales se puede encontrar información para la inscripción en este documento: https://docs.google.com/document/d/1TPRDsXlJKBgg3A-l56oh-lBuLG4OV5gkBH_lz5Grutw/edit

Para inscribirte como alumno libre (solo para materias de segundo año en adelante) debés tener aprobadas las materais correlativas de las correlativas de la asignatura que pretendern cursar, aunque no tengan regularizadas las materias correlativas de esa asignatura. Esto no aplica para materias de Metodología y Practica de la Enseñanza, Especialidades, Optativas ni Experimentales. Los incriptos como libres tendrán deracho a rendir evaluaciones parciales, trabajos prácticos y de laboratorio junto con demás actividades que se establezcan en el cursado, pero no podrán regularizar, ni promocionar. Para inscribirse, deben hacerlo mediante el siguiente formulario: https://forms.gle/jtE3d6YDX6TFmpiX8.

Fechas de inscripción: desde el 2 de marzo a las 14:00 hs hasta el 13 de marzo a las 23:59 a través de Guaraní. Exceptuando las materias de primero año, que se habilitará a partir del miércoles 4 de marzo a las 14:00 hs.","📅 *Fechas de inscripción*:
👉 Desde el *2 de marzo* a las 14:00 hs hasta el *13 de marzo* a las 23:59 hs.
👉 *Materias de primer año*: Desde el *3 de marzo* a las 14:00 hs hasta el *14 de marzo* a las 23:59 hs.

🎓 *Ingresantes*:
Si promocionaste, aprobaste el examen o regularizaste el curso de nivelación, inscribite en Guaraní:
1️⃣ Entrá a Guaraní y buscá *Inscripción a Materias*.
2️⃣ Elegí la materia y hacé clic en *Inscribirse*.
3️⃣ Esperá unos días para entrar al *Aula Virtual*.

📌 *Notas*: Ya están cargadas en *Historia Académica* en Guaraní. Si rendiste el 4 de marzo, las notas estarán entre el 5 y 6 de marzo.

📌 *Inscripción condicional*: Si no hiciste la inscripción definitiva, completá este formulario: https://forms.gle/QPTgwJexfJqqqHKE7. Recordá hacer la inscripción definitiva apenas tengas el Certificado de Secundario Completo o Constancia, enviándola a despachoestudiantes@famaf.unc.edu.ar hasta el 30 de abril.

📚 *No ingresantes*:
Primero reinscribite a la propuesta en Guaraní. Luego
1️⃣ Entrá a *Inscripción a Materias*.
2️⃣ Elegí la materia y hacé clic en *Inscribirse*.
3️⃣ Esperá hasta el *10 de marzo* para entrar al *Aula Virtual*.

📌 *Horarios*: Verificalos en Guaraní en *Reportes > Agenda* o en https://www.famaf.unc.edu.ar/la-facultad/institucional/secretar%C3%ADas/secretaria-academica/horarios-de-cursado/.

📌 *Especialidades y Optativas*:
🔗 Completá este formulario: https://forms.gle/VccEhhg5BVnDU85H9. Te avisarán por email si fuiste inscripto.

📌 *Intercambio y Vocacionales*:
🔗 Información aquí: https://docs.google.com/document/d/1TPRDsXlJKBgg3A-l56oh-lBuLG4OV5gkBH_lz5Grutw/edit.

📌 *Alumno libre (solo para materias de segundo año en adelante)*:
🔗 Completá este formulario: https://forms.gle/jtE3d6YDX6TFmpiX8.
",
¿Cómo me inscribo para rendir el examen final de una materia?,Exámenes,"Ingresá a Guaraní. Una vez dentro, seleccioná la opción ""Inscripción a Exámenes"", elegí la materia a la cual quieras inscribirte para rendir, después seleccioná en el menú desplegable si querés inscribirte al examen como libre o regular, y luego hacé clic en ""Inscribirse"".","*Pasos para inscribirte al final*:

1. Entrá a Guaraní: https://guarani.unc.edu.ar
2. Buscá la opción *Inscripción a Exámenes*
3. Elegí la materia que querés rendir
4. Seleccioná si lo hacés como *libre* o *regular*
5. ¡Dale a *Inscribirse* y listo!

¡Mucha suerte! 🍀 ",
¿Qué tengo que hacer si quiero cambiarme a otra carrera de FAMAF o cursar otra al mismo tiempo?,Cursado,"Para solicitar cambiar de carrera o cursar en paralelo varias de la oferta de grado de FAMAF, deberás llenar el siguiente formulario:

https://docs.google.com/forms/d/e/1FAIpQLSeNA8jXxGARDeebj0TdjXMmmXGNph0gZQPkzfliWZbcbN9KdQ/viewform

Las solicitudes se recibirán hasta la finalización de la primera semana de diciembre y se reabrirán el primer día hábil de febrero; serán resueltas en el término de 15 días hábiles a partir de la presentación y se informará por correo electrónico.

El trámite debe iniciarse por cada carrera que se desee cursar (por separado).","📌 *Cambio de Carrera dentro de FAMAF y Cursado Paralelo* 

Para pedir el cambio de carrera o cursar en paralelo otra de FAMAF, tenes que completar este formulario: 🔗 https://docs.google.com/forms/d/e/1FAIpQLSeNA8jXxGARDeebj0TdjXMmmXGNph0gZQPkzfliWZbcbN9KdQ/viewform

📅 *Plazos:* 
* Hasta la primera semana de diciembre.
* Se reabre el primer día hábil de febrero.

⏳ *Tiempo de respuesta:* 15 días hábiles desde que lo enviás.

📧 Te avisaremos por mail cuando esté listo.

⚠️ *Importante:* Tenés que hacer el trámite por cada carrera que quieras cursar.",
¿Dónde tengo que llenar el formulario para pedir equivalencias comunes entre carreras de FAMAF?,Cursado,"Al inscribirte en otra materia de FAMAF, el reconocimiento de materias se gestiona según la Resolución RHCD-2024-397-E-UNC-DEC#FAMAF de la siguiente manera:

- 1. TRÁMITE AUTOMÁTICO (Anexo I)
La actuación académica se transcribe de forma total y automática para materias que comparten el mismo código entre las carreras involucradas  (por ejemplo: Física General I posee el mismo código tanto en Licenciatura en Astronomía y Licenciatura en Física). Si la materia aparece listada en este anexo junto con las carreras de tu interés, el sistema procesa el reconocimiento sin necesidad de que realices una solicitud manual. 

La lista completa de todas las materias en el Anexo I puedes consultar aquí:
https://www.famaf.unc.edu.ar/documents/5076/RHCD-2024-397-E-UNC-DEC_FAMAF_-_ANEXO_I.pdf

- 2. TRÁMITE A SOLICITUD (Anexos II y III)
Debes solicitar el reconocimiento para materias que, aunque tengan códigos o nombres distintos, se consideran equivalentes según la carrera:

Materias equivalentes (Anexo II): Las materias listadas en el Anexo II son materias que se cursan de manera idéntica. Por ejemplo:
- Matemática Discreta I (03-00031) de Lic. en Ciencias de la Computación es equivalente a Matemática Discreta I (03-00082) de Licenciatura en Matemática Aplicada.
- Análisis Matemático I (03-01027) de Lic. en Hidrometeorología es equivalente a Cálculo I (03-00081) de Licenciatura en Matemática Aplicada.

Consulta la lista completa de materias del Anexo II aquí:
https://www.famaf.unc.edu.ar/documents/5077/RHCD-2024-397-E-UNC-DEC_FAMAF_-_ANEXO_II.pdf

Materias con contenidos equivalentes (Anexo III): Son materias cuyos contenidos cubren los de otras materias y se dictan simultáneamente. Por ejemplo:
- Análisis Numérico I (03-00124) de Licenciatura en Matemática equivale a Análisis Numérico (03-00240) de Lic. en Ciencias de la Computación.

Consulta la lista completa del Anexo III aquí:
https://www.famaf.unc.edu.ar/documents/5078/RHCD-2024-397-E-UNC-DEC_FAMAF_-_ANEXO_III.pdf

- ¿Cómo realizar la solicitud?
- 1. Para materias de los Anexos II y III o equivalencias internas comunes se debe llenar el siguiente formulario: https://forms.gle/bY9kevLfS6by49VA7
- 2. Si no figura en el formulario, completa esta nota (https://docs.google.com/document/d/1klRjzZnZstC-ES7BbqN3FYl0uB1LzheP/edit) y envíala a nfigueroa@unc.edu.ar.

Aviso importante: Las solicitudes se resuelven en 15 días hábiles y serás notificado por correo electrónico.","📌 *Equivalencias comunes entre carreras de FAMAF*

El trámite de reconocimiento se realizará de acuerdo a: 

* *Trámite automático*: si la materia tiene el *mismo código en ambas carreras* (ej: Física General I en Lic. en Astronomía y Lic. en Física), no tenés que hacer nada. Mirá la lista completa de materias con trámite automático acá: 🔗 https://www.famaf.unc.edu.ar/documents/5076/RHCD-2024-397-E-UNC-DEC_FAMAF_-_ANEXO_I.pdf
* *Trámite a solicitud*: si la materia tiene código o nombre distinto pero se consideran equivalentes, tenés que pedir la equivalencia. Hay dos casos:
      ↳ *Materias equivalentes*: poseen *cursadas idénticas* (ej: Matemática Discreta I en Lic. en Cs. de la Computación y Matemática Aplicada).
      ↳ *Materias con contenidos equivalentes*: contenidos similares pero dictadas en otra carrera (ej: Análisis Numérico I en Lic. en Matemática y Lic. en Cs. de la Computación).

*Lista completa de materias cuyas equivalencias se deben solicitar:* 
* 🔗 https://www.famaf.unc.edu.ar/documents/5077/RHCD-2024-397-E-UNC-DEC_FAMAF_-_ANEXO_II.pdf (Materias Equivalentes).
* 🔗 https://www.famaf.unc.edu.ar/documents/5078/RHCD-2024-397-E-UNC-DEC_FAMAF_-_ANEXO_III.pdf (Materias con contenidos equivalentes).

*¿Cómo pedirlas?*
👉 Rellená este formulario: https://forms.gle/bY9kevLfS6by49VA7.
👉 Si no figura en el formulario, completá esta nota: https://docs.google.com/document/d/1klRjzZnZstC-ES7BbqN3FYl0uB1LzheP/edit y enviála a nfigueroa@unc.edu.ar.

⚠️ *Aviso importante*: Las respuestas llegan en 15 días hábiles por correo electrónico.",
¿Cómo saco el certificado de alumno regular?,Cursado,"Para solicitar el certificado de alumno regular, se debe iniciar sesión en Guaraní, dirigirse a ""Trámites"" > ""Solicitar Constancias y Certificados"" > ""Nueva Solicitud""; ahí deberán completar los datos que le solicita el formulario y hacer clic en el botón de guardar. Automáticamente se generará el certificado.","📌 *Solicitar Certificado de alumno regular*

1. Entrá a Guaraní y andá a *Trámites* > *Solicitar Constancias y Certificados* > *Nueva Solicitud*.
2. Completá los datos que te solicitan y guardá.
3. ¡Listo! El certificado se genera automáticamente.",
¿Qué tengo que hacer para inscribirme al trabajo especial?,Egreso,"Las inscripciones al trabajo especial son a principio de cada cuatrimestre. Debés enviar por email un resumen, de aproximadamente 10 líneas , y un plan de trabajo que incluya la bibliografía que vas a comenzar a usar, acompañada de una nota solicitando la inscripción (modelo adjunto) en un único PDF. Todo debe estar firmado por vos y el/la/los director/a/es.

Si tenes alguna otra duda, podes leer el reglamento del trabajo especial donde podés encontrar toda la información que necesites asociada a este tema:

https://www.famaf.unc.edu.ar/documents/1906/Reglamentaci%C3%B3n_Trabajo_Especial.pdf","📌 *Inscripción al trabajo especial*

Las inscripciones son *al comienzo de cada cuatrimestre*, para el primer cuatrimestre es durante todo el mes de marzo y el mes de agosto.

Tenes que enviar a *nfigueroa@unc.edu.ar* en un *único PDF*, lo siguiente:
* Un resumen de aproximadamente 10 líneas.
* Un plan de trabajo que incluya la bilbiografía que vas a comenzar a usar.
* Una nota solicitando la inscripción, siguiendo este modelo: 🔗 https://drive.google.com/file/d/1Bql8hNBtR6KPZ1fA6-A6hkif5htV5anD/view?usp=sharing.

🔍 *Más info* en el reglamento, ahí podes encontrar quienes pueden ser tus directores y demás:
https://www.famaf.unc.edu.ar/documents/1906/Reglamentaci%C3%B3n_Trabajo_Especial.pdf.",
¿Qué tengo que hacer para inscirbir mi tesis?,Egreso,"Las inscripciones al trabajo especial son a principio de cada cuatrimestre. Debés enviar por email un resumen, de aproximadamente 10 líneas , y un plan de trabajo que incluya la bibliografía que vas a comenzar a usar, acompañada de una nota solicitando la inscripción (modelo adjunto) en un único PDF. Todo debe estar firmado por vos y el/la/los director/a/es.

Si tenes alguna otra duda, podes leer el reglamento del trabajo especial donde podés encontrar toda la información que necesites asociada a este tema:

https://www.famaf.unc.edu.ar/documents/1906/Reglamentaci%C3%B3n_Trabajo_Especial.pdf","📌 *Inscripción al trabajo especial*

Las inscripciones son *al comienzo de cada cuatrimestre*, para el primer cuatrimestre es durante todo el mes de marzo y el mes de agosto.

Tenes que enviar a *nfigueroa@unc.edu.ar* en un *único PDF*, lo siguiente:
* Un resumen de aproximadamente 10 líneas.
* Un plan de trabajo que incluya la bilbiografía que vas a comenzar a usar.
* Una nota solicitando la inscripción, siguiendo este modelo: 🔗 https://drive.google.com/file/d/1Bql8hNBtR6KPZ1fA6-A6hkif5htV5anD/view?usp=sharing.

🔍 *Más info* en el reglamento, ahí podes encontrar quienes pueden ser tus directores y demás:
https://www.famaf.unc.edu.ar/documents/1906/Reglamentaci%C3%B3n_Trabajo_Especial.pdf.",
¿Qué tengo que hacer para inscribir mi trabajo final?,Egreso,"Las inscripciones al trabajo especial son a principio de cada cuatrimestre. Debés enviar por email un resumen, de aproximadamente 10 líneas , y un plan de trabajo que incluya la bibliografía que vas a comenzar a usar, acompañada de una nota solicitando la inscripción (modelo adjunto) en un único PDF. Todo debe estar firmado por vos y el/la/los director/a/es.

Si tenes alguna otra duda, podes leer el reglamento del trabajo especial donde podés encontrar toda la información que necesites asociada a este tema:

https://www.famaf.unc.edu.ar/documents/1906/Reglamentaci%C3%B3n_Trabajo_Especial.pdf","📌 *Inscripción al trabajo especial*

Las inscripciones son *al comienzo de cada cuatrimestre*, para el primer cuatrimestre es durante todo el mes de marzo y el mes de agosto.

Tenes que enviar a *nfigueroa@unc.edu.ar* en un *único PDF*, lo siguiente:
* Un resumen de aproximadamente 10 líneas.
* Un plan de trabajo que incluya la bilbiografía que vas a comenzar a usar.
* Una nota solicitando la inscripción, siguiendo este modelo: 🔗 https://drive.google.com/file/d/1Bql8hNBtR6KPZ1fA6-A6hkif5htV5anD/view?usp=sharing.

🔍 *Más info* en el reglamento, ahí podes encontrar quienes pueden ser tus directores y demás:
https://www.famaf.unc.edu.ar/documents/1906/Reglamentaci%C3%B3n_Trabajo_Especial.pdf.",
¿Qué tengo que hacer para inscribir mi trabajo de grado?,Egreso,"Las inscripciones al trabajo especial son a principio de cada cuatrimestre. Debés enviar por email un resumen, de aproximadamente 10 líneas , y un plan de trabajo que incluya la bibliografía que vas a comenzar a usar, acompañada de una nota solicitando la inscripción (modelo adjunto) en un único PDF. Todo debe estar firmado por vos y el/la/los director/a/es.

Si tenes alguna otra duda, podes leer el reglamento del trabajo especial donde podés encontrar toda la información que necesites asociada a este tema:

https://www.famaf.unc.edu.ar/documents/1906/Reglamentaci%C3%B3n_Trabajo_Especial.pdf","📌 *Inscripción al trabajo especial*

Las inscripciones son *al comienzo de cada cuatrimestre*, para el primer cuatrimestre es durante todo el mes de marzo y el mes de agosto.

Tenes que enviar a *nfigueroa@unc.edu.ar* en un *único PDF*, lo siguiente:
* Un resumen de aproximadamente 10 líneas.
* Un plan de trabajo que incluya la bilbiografía que vas a comenzar a usar.
* Una nota solicitando la inscripción, siguiendo este modelo: 🔗 https://drive.google.com/file/d/1Bql8hNBtR6KPZ1fA6-A6hkif5htV5anD/view?usp=sharing.

🔍 *Más info* en el reglamento, ahí podes encontrar quienes pueden ser tus directores y demás:
https://www.famaf.unc.edu.ar/documents/1906/Reglamentaci%C3%B3n_Trabajo_Especial.pdf.",
¿Dónde encuentro los Planes de Estudio?,Información General,"Los planes de estudio los podés encontrar ingresando al siguiente enlace:

https://www.famaf.unc.edu.ar/academica/grado/

Ahí podrás ver todos los planes de estudio ingresando en la carrera que te interese.","📌 *Planes de Estudio*

Ingresá a este enlace para poder ver todos los planes de estudio 
🔗 https://www.famaf.unc.edu.ar/academica/grado/",
¿Cuáles son los horarios del Despacho de Estudiantes?,Información General,"Para recibir atención presencial tenes que dirigirte a la ventanilla del Despacho de Estudiantes, ubicada en el primer piso de FAMAF.  

Los horarios de atención son 

Lunes de 8:30 a 14:30 hs
Martes a Jueves de 8:30 a 18:00 hs
Viernes de 8:30 a 17:00 hs

Por consultas vía email: despachoestudiantes@famaf.unc.edu.ar","El *Despacho de Estudiantes* está en el *primer piso* de FAMAF. 

⏰ *Horarios*: 
* *Lunes*: 8:30 a 14:30 hs.
* *Martes a Jueves*: 8:30 a 18:00 hs.
* *Viernes*: 8:30 a 17:00 hs 

📧 Si necesitás ayuda por mail, escribí a despachoestudiantes@famaf.unc.edu.ar.",
¿Cuál es el correo de la Secretaría de Asuntos Estudiantiles (SAE)?,Información General,El correo electrónico de la SAE es sae@famaf.unc.edu.ar,El correo de la *Secretaría de Asuntos Estudiantiles* (SAE) es sae@famaf.unc.edu.ar.,
¿Cómo se hace el trámite para el Boleto Educativo Gratuito (BEG) o Boleto Educativo Cordobés?,Información General,"Antes que nada, tenés que: 
- Estar inscripto en las materias que vas a cursar durante el cuatrimestre.
- Tener Ciudadano Digital nivel 2.

Luego:

1. Entra a Guaraní.
2. En la pestaña ""Trámites"" dirigite a ""Tramitar Boleto Estudiantil Gratuito"".
3. Autorizar a la Secretaría de Transporte a consultar los datos para el BEG.
4. Acceder al ""Ciudadano Digital"" a través del sitio web https://cidi.cba.gov.ar/portal-publico/
5. Completar el Formulario Único de Postulantes.

De acuerdo a la situación particular de cada uno, se responderá por correo electrónico cómo proceder en cada caso.

Si no hiciste el traspaso a micronauta, debes sacar turno en la Oficina de Transporte para que te entregen la nueva tarjeta ya activada.

Para más información podés consultar: https://www.cba.gov.ar/boleto-cordobes/","🚌 *Boleto Educativo Cordobés*

📌 *Requisitos previos*:
* *Estar inscripto* en las materias que vas a cursar este cuatri.
* Tener *Ciudadano Digital nivel 2*.

👉 *Pasos para el trámite*:
1️⃣ Entrá a Guaraní.
2️⃣ En *Trámites* elegí *Tramitar Boleto Estudiantil Gratuito*.
3️⃣ Autorizá a la Secretaría de Transporte a consultar tus datos.
4️⃣ Entrá a *Ciudadano Digital*: https://cidi.cba.gov.ar/portal-publico/.
5️⃣ Completá el *Formulario Único de Postulantes*.

📌 *Importante*:
* Te van a responder por *correo electrónico* con los pasos a seguir.
* Si no hiciste el traspaso a *micronauta*, sacá turno en la Oficina de Transporte para activar tu tarjeta.

🔍 *Más info*: https://www.cba.gov.ar/boleto-cordobes/",
¿Cómo me inscribo a la Beca del Comedor Universitario (Nutrirse) de la UNC?,Información General,"Para inscribirte a las Becas Nutrirse 2026 del comedor universitario tenes tiempo de hacerlo desde el 23/02 al 02/03 a través de Guaraní.

Para iniciar el trámite deberás: 

1. Ingresar al sistema Guaraní.
2. Dirigirte a la pestaña de ""Trámites"" y seleccionar ""Tramitar Accesos SAE UNC"". Una vez dentro, verificar que la casilla ""Autorizo a la Secretaría de Asuntos Estudiantiles UNC a cosultar mis datos"" esté marcada y hacer clic en ""Guardar"".
3. Desplegar la sección de ""Trámites"" nuevamente y selecciona ""Convocatoria a Becas"".
4. Una vez dentro, seleccionar la convocatoria a la Beca Nutrirse y haga clic en el botón aplicar.
5. Revisar la información proporcionada y si todo es correcto hacer clic en ""Aceptar"".
6. Completar en ""Datos Personales"" todas las secciones y marcar el casillero ""Declaro que mis datos son correctos"", luego hacer clic en el botón ""Continuar"".
7. Adjuntar la documentación digital requerida haciendo clic en ""Documento Digital"" para adjuntar los documentos, luego apretar en ""Examinar"" para seleccionar los documentos en la computadora y una vez seleccionados, hacer clic en ""Subir"". Esto debe hacerse con cada documento marcado como obligatorio y darle a ""Continuar"".
8. Completar el cuestionario que figura en pantalla y darle a ""Terminar"".

Para revisar el estado de la postulación ingresar a ""Convocatoria a Becas"" y visualizar el ""Estado"":
- Requiere modificaciones indica que el postulante debe revisar, corregir, ampliar, volver a adjuntar documentación.
- No benficiaro de becas indica que no es beneficiario de la beca.
- Beneficiario: El postulante ha obtenido la beca solicitada.

Por cualquier duda o consulta, podes revisar los siguiente enlaces que contienen toda la información necesaria, junto con preguntas frecuentes y medios de contacto ante posibles problemas:
https://www.unc.edu.ar/sites/default/files/Tutorial%20Becas%202025.pdf  (instructivo con capturas para inscribirse a la beca, preguntas frecuentes y contacto)
https://www.unc.edu.ar/vida-estudiantil/becas-nutrirse-2026 (información General sobre la postulación a la Beca Nutrirse 2026)","📌 *Inscripción a Beca Nutrirse 2026*: Tenés tiempo desde el *23/02* hasta el *02/03* para anotarte.

*Pasos para la inscripción*: 

1️⃣ Entrá a *Guaraní*: https://autogestion.guarani.unc.edu.ar/.
2️⃣ Andá a *Trámites* > *Tramitar Accesos SAE UNC*. 
3️⃣ Marcá la casilla *Autorizo a la Secretaría de Asuntos Estudiantiles UNC a consultar mis datos* y guardá. 
4️⃣ Volvé a *Trámites* y elegí *Convocatoria a Becas*. 
5️⃣ Seleccioná *Beca Nutrirse* y hacé clic en *Aplicar*. 
6️⃣ Revisá la info y aceptá si todo está bien. 
7️⃣ Completá *Datos Personales*, marcá *Declaro que mis datos son correctos* y continuá. 
8️⃣ Subí la documentación digital requerida (hacé clic en *Documento Digital* > *Examinar* > *Subir*). 
9️⃣ Completá el cuestionario y terminá. 

*¿Cómo saber el estado de mi postulación?* 
Entrá a *Convocatoria a Becas* y mirá el *Estado*: 
* *Requiere modificaciones*: Tenés que corregir o subir documentación. 
* *No beneficiario de becas*: No te dieron la beca.
* *Beneficiario*: ¡Sos beneficiario de la beca! 🎉 

💡 *¿Dudas?* Mirá estos enlaces: 
*Tutorial paso a paso*: 
🔗 https://www.unc.edu.ar/sites/default/files/Tutorial%20Becas%202025.pdf.
*Info general*: 
🔗 https://www.unc.edu.ar/vida-estudiantil/becas-nutrirse-2026.
",
¿Cuál es el material de estudio para el curso de ingreso 2026?,Ingreso,"El material de estudio que se usará durante el cursado del Curso de Nivelación lo podés encontrar en el siguiente enlace:

https://www.famaf.unc.edu.ar/documents/4592/Material_Estudio_Ingreso_FAMAF_2024.pdf

El mismo abarca los temas a desarrollar durante las clases, junto con una serie de ejercicios para afianzar los contenidos."," El *material de estudio* 📚 para el curso de ingreso 

Podés descargarlo acá:
🔗 https://www.famaf.unc.edu.ar/documents/4592/Material_Estudio_Ingreso_FAMAF_2024.pdf.

Incluye los temas que se van a dar en clase y ejercicios para practicar.",
¿Cuál es el material de estudio para el curso de nivelación?,Ingreso,"El material de estudio que se usará durante el cursado del Curso de Nivelación lo podés encontrar en el siguiente enlace:

https://www.famaf.unc.edu.ar/documents/4592/Material_Estudio_Ingreso_FAMAF_2024.pdf

El mismo abarca los temas a desarrollar durante las clases, junto con una serie de ejercicios para afianzar los contenidos."," El *material de estudio* 📚 para el curso de ingreso 

Podés descargarlo acá:
🔗 https://www.famaf.unc.edu.ar/documents/4592/Material_Estudio_Ingreso_FAMAF_2024.pdf.

Incluye los temas que se van a dar en clase y ejercicios para practicar.",
¿Cuál es el material de estudio para el cursillo?,Ingreso,"El material de estudio que se usará durante el cursado del Curso de Nivelación lo podés encontrar en el siguiente enlace:

https://www.famaf.unc.edu.ar/documents/4592/Material_Estudio_Ingreso_FAMAF_2024.pdf

El mismo abarca los temas a desarrollar durante las clases, junto con una serie de ejercicios para afianzar los contenidos."," El *material de estudio* 📚 para el curso de ingreso 

Podés descargarlo acá:
🔗 https://www.famaf.unc.edu.ar/documents/4592/Material_Estudio_Ingreso_FAMAF_2024.pdf.

Incluye los temas que se van a dar en clase y ejercicios para practicar.",
¿Cuál es el material de estudio para el ingreso?,Ingreso,"El material de estudio que se usará durante el cursado del Curso de Nivelación lo podés encontrar en el siguiente enlace:

https://www.famaf.unc.edu.ar/documents/4592/Material_Estudio_Ingreso_FAMAF_2024.pdf

El mismo abarca los temas a desarrollar durante las clases, junto con una serie de ejercicios para afianzar los contenidos."," El *material de estudio* 📚 para el curso de ingreso 

Podés descargarlo acá:
🔗 https://www.famaf.unc.edu.ar/documents/4592/Material_Estudio_Ingreso_FAMAF_2024.pdf.

Incluye los temas que se van a dar en clase y ejercicios para practicar.",
¿Cuándo se puede rendir el Trabajo Especial?,Egreso,"El Trabajo Especial se puede rendir durante las épocas de exámenes establecidas por la reglamentación vigente.

Para poder rendirlo, el/la estudiante debe presentar una nota dirigida al/a la Decano/a de FAMAF, con el aval de sus directores/as. En esa nota se debe indicar el título definitivo del trabajo, la fecha propuesta para el examen, el tribunal examinador y adjuntar la carátula del trabajo. Además, el estudiante entregará a cada miembro del tribunal examinador una copia impresa del trabajo realizado.

Todo esta presentación deberá efectuarse por lo menos treinta días antes de la fecha de exámen propuesta.

Para más información podés revisar el Reglamento en el siguiente enlace: https://www.famaf.unc.edu.ar/documents/1906/Reglamentaci%C3%B3n_Trabajo_Especial.pdf","📌 *Rendir el Trabajo Especial*
Se puede rendir durante las épocas de exámenes establecidas.

*¿Qué necesitás para rendirlo?*
Tenés que presentar una nota dirigida al/a la Decano/a de FAMAF, con el aval de tus directores/as con:
* El *título definitivo* del trabajo.
* La *fecha propuesta* para el examen.
* El *tribunal examinador*.
* Adjuntá la *carátula* del trabajo.

Además, deberás entregar una copia impresa del trabajo a cada miembro del tribunal.

⚠️ *Importante:* La presentación de todo esto debe ser *30 días antes* de la fecha de examen propuesta.

🔍 Más info en el Reglamento: https://www.famaf.unc.edu.ar/documents/1906/Reglamentaci%C3%B3n_Trabajo_Especial.pdf",
¿Cuándo se puede rendir la tesis?,Egreso,"El Trabajo Especial se puede rendir durante las épocas de exámenes establecidas por la reglamentación vigente.

Para poder rendirlo, el/la estudiante debe presentar una nota dirigida al/a la Decano/a de FAMAF, con el aval de sus directores/as. En esa nota se debe indicar el título definitivo del trabajo, la fecha propuesta para el examen, el tribunal examinador y adjuntar la carátula del trabajo. Además, el estudiante entregará a cada miembro del tribunal examinador una copia impresa del trabajo realizado.

Todo esta presentación deberá efectuarse por lo menos treinta días antes de la fecha de exámen propuesta.

Para más información podés revisar el Reglamento en el siguiente enlace: https://www.famaf.unc.edu.ar/documents/1906/Reglamentaci%C3%B3n_Trabajo_Especial.pdf","📌 *Rendir el Trabajo Especial*
Se puede rendir durante las épocas de exámenes establecidas.

*¿Qué necesitás para rendirlo?*
Tenés que presentar una nota dirigida al/a la Decano/a de FAMAF, con el aval de tus directores/as con:
* El *título definitivo* del trabajo.
* La *fecha propuesta* para el examen.
* El *tribunal examinador*.
* Adjuntá la *carátula* del trabajo.

Además, deberás entregar una copia impresa del trabajo a cada miembro del tribunal.

⚠️ *Importante:* La presentación de todo esto debe ser *30 días antes* de la fecha de examen propuesta.

🔍 Más info en el Reglamento: https://www.famaf.unc.edu.ar/documents/1906/Reglamentaci%C3%B3n_Trabajo_Especial.pdf",
¿Cuándo se puede rendir el trabajo final?,Egreso,"El Trabajo Especial se puede rendir durante las épocas de exámenes establecidas por la reglamentación vigente.

Para poder rendirlo, el/la estudiante debe presentar una nota dirigida al/a la Decano/a de FAMAF, con el aval de sus directores/as. En esa nota se debe indicar el título definitivo del trabajo, la fecha propuesta para el examen, el tribunal examinador y adjuntar la carátula del trabajo. Además, el estudiante entregará a cada miembro del tribunal examinador una copia impresa del trabajo realizado.

Todo esta presentación deberá efectuarse por lo menos treinta días antes de la fecha de exámen propuesta.

Para más información podés revisar el Reglamento en el siguiente enlace: https://www.famaf.unc.edu.ar/documents/1906/Reglamentaci%C3%B3n_Trabajo_Especial.pdf","📌 *Rendir el Trabajo Especial*
Se puede rendir durante las épocas de exámenes establecidas.

*¿Qué necesitás para rendirlo?*
Tenés que presentar una nota dirigida al/a la Decano/a de FAMAF, con el aval de tus directores/as con:
* El *título definitivo* del trabajo.
* La *fecha propuesta* para el examen.
* El *tribunal examinador*.
* Adjuntá la *carátula* del trabajo.

Además, deberás entregar una copia impresa del trabajo a cada miembro del tribunal.

⚠️ *Importante:* La presentación de todo esto debe ser *30 días antes* de la fecha de examen propuesta.

🔍 Más info en el Reglamento: https://www.famaf.unc.edu.ar/documents/1906/Reglamentaci%C3%B3n_Trabajo_Especial.pdf",
¿Cuándo se puede rendir el trabajo de grado?,Egreso,"El Trabajo Especial se puede rendir durante las épocas de exámenes establecidas por la reglamentación vigente.

Para poder rendirlo, el/la estudiante debe presentar una nota dirigida al/a la Decano/a de FAMAF, con el aval de sus directores/as. En esa nota se debe indicar el título definitivo del trabajo, la fecha propuesta para el examen, el tribunal examinador y adjuntar la carátula del trabajo. Además, el estudiante entregará a cada miembro del tribunal examinador una copia impresa del trabajo realizado.

Todo esta presentación deberá efectuarse por lo menos treinta días antes de la fecha de exámen propuesta.

Para más información podés revisar el Reglamento en el siguiente enlace: https://www.famaf.unc.edu.ar/documents/1906/Reglamentaci%C3%B3n_Trabajo_Especial.pdf","📌 *Rendir el Trabajo Especial*
Se puede rendir durante las épocas de exámenes establecidas.

*¿Qué necesitás para rendirlo?*
Tenés que presentar una nota dirigida al/a la Decano/a de FAMAF, con el aval de tus directores/as con:
* El *título definitivo* del trabajo.
* La *fecha propuesta* para el examen.
* El *tribunal examinador*.
* Adjuntá la *carátula* del trabajo.

Además, deberás entregar una copia impresa del trabajo a cada miembro del tribunal.

⚠️ *Importante:* La presentación de todo esto debe ser *30 días antes* de la fecha de examen propuesta.

🔍 Más info en el Reglamento: https://www.famaf.unc.edu.ar/documents/1906/Reglamentaci%C3%B3n_Trabajo_Especial.pdf",
¿Cómo me inscribo en la Biblioteca de FAMAF para retirar libros?,Información General,Para asociarte a la Biblioteca debés acercarte de lunes a viernes de 10 a 12 horas presentando DNI y certificado de alumno regular de la FAMAF (este último podés mostrarlo desde el celular).,"📚 *Inscripción en la Biblioteca de FAMAF*

Para inscribirte y retirar libros, tenés que acercarte un día a la biblio de *lunes a viernes de 10 a 12 hs* con tu *DNI* y el *certificado de alumno regular* (que podés mostrarlo desde el celu).

¡Listo! Ya podés empezar a usar la biblioteca. 😊",
¿Dónde puedo ver las correlatividades de mi carrera?,Información General,"Para consultar las correlatividades de una carrera, debés ingresar al siguiente enlace:

https://www.famaf.unc.edu.ar/academica/grado/

Una vez allí, seleccioná la carrera que te interese y, dentro de la sección “Características de la Carrera”, vas a encontrar el “Régimen de Correlatividades”, donde se detallan todas las correlatividades.","📌 *Correlatividades*

Para ver todas las correlatividades : 
* Ingresa esta enlace: 🔗 https://www.famaf.unc.edu.ar/academica/grado/
* Seleccioná tu carrera en la lista.
* Buscá la sección *Características de la Carrera*.
* Ahí vas a encontrar el *Régimen de Correlatividades* con toda la info. 

¡Espero que te sirva! 😊",
¿Donde puedo consultar la fecha de las colaciones?,Egreso,"Los actos de colación en el año 2026 son el 25 de Junio en el primer cuatrimestre y el 26 de Noviembre para el segundo cuatrimestre.

Podés acceder al Calendario Académico en el siguiente enlace:
https://www.famaf.unc.edu.ar/la-facultad/institucional/secretar%C3%ADas/secretaria-academica/calendario-acad%C3%A9mico/

Allí vas a encontrar información sobre los períodos de cursado, las épocas de exámenes y las fechas de las colaciones correspondientes al año.","📅 *Fechas de colación 2026*: 
* *25/06* (1er cuatrimestre).
* *26/11* (2do cuatrimestre). 

🔎 Para más detalles, mirá el *Calendario Académico* en: https://www.famaf.unc.edu.ar/la-facultad/institucional/secretar%C3%ADas/secretaria-academica/calendario-acad%C3%A9mico/. 

Ahí vas a encontrar todo sobre cursado, exámenes y colaciones. 😊",
¿Cuales son los horarios de biblioteca?,Información General,"El horario de atención de la Biblioteca Daniel Oscar Sonzini (FAMAF) es de lunes a viernes, de 8:30 a 18:30 horas.",Los *horarios de la Biblioteca Daniel Oscar Sonzini (FAMAF)* 📚 son de lunes a viernes: 8:30 a 18:30 hs.,
Descripción de las distintas áreas y secretarías,Información General,"Dirección General de Áreas (DGA)
Tiene a su cargo la coordinación general del personal técnico-administrativo y de servicios de la Facultad. Asiste a las autoridades en la aplicación de políticas vinculadas a recursos humanos y realiza el control de ausentismo del personal.

Área de Enseñanza (ADE)
Es responsable de la gestión académica de grado. Incluye el Despacho de Estudiantes, encargado de inscripciones a materias y exámenes, y la Oficialía, que gestiona actas de exámenes, certificados analíticos, registros de egresados y equivalencias.

Área de Personal y Sueldos (DPS)
Gestiona todo lo relacionado con el personal docente y nodocente. Sus funciones incluyen la liquidación de haberes, la tramitación de licencias, certificaciones, control de asistencia y la administración de la documentación laboral.

Departamento de Informática (DI)
Se ocupa de la infraestructura informática de la Facultad. Analiza necesidades técnicas, define especificaciones para adquisiciones, brinda soporte a los sistemas informáticos institucionales y coordina instalaciones de hardware y redes.

Taller de Mecánica de Precisión
https://www.famaf.unc.edu.ar/la-facultad/institucional/areas-y-departamentos/taller-de-mec%C3%A1nica-de-precisi%C3%B3n/

Taller de Electrónica
Realiza tareas de diseño, construcción, mantenimiento y reparación de equipamiento electrónico. Brinda apoyo técnico a las actividades académicas y de investigación que requieren instrumentación electrónica.

Área de Mantenimiento y Maestranza
Tiene a su cargo el mantenimiento edilicio y los servicios generales del edificio de la Facultad, asegurando el correcto funcionamiento de la infraestructura.

Área de Posgrado
https://www.famaf.unc.edu.ar/la-facultad/institucional/areas-y-departamentos/%C3%A1rea-de-posgrado/
Área Económico-Financiera
Administra los recursos económicos de la Facultad. Sus tareas incluyen tesorería, pagos, rendiciones, conciliaciones bancarias, gestión de proveedores y administración de subsidios y fondos.

Área Administrativa
Centraliza la gestión administrativa general. Incluye mesa de entradas y archivo, Secretaría del Honorable Consejo Directivo, gestión de concursos y evaluación docente.

Biblioteca “Daniel Oscar Sonzini”
Brinda servicios de información y documentación para apoyar la enseñanza, el aprendizaje y la investigación. Gestiona colecciones bibliográficas físicas y digitales, bases de datos académicas y servicios de apoyo a usuarios.","📌 *Áreas y secretarías de la FAMAF*

👉 *Dirección General de Áreas (DGA)*
Coordinan al personal técnico-administrativo y ayudan con políticas de recursos humanos. Controlan ausentismo.

👉 *Área de Enseñanza (ADE)*
Gestionan inscripciones a materias y exámenes. La Oficialía maneja actas, certificados y registros de egresados.

👉 *Área de Personal y Sueldos (DPS)*
Se ocupan de sueldos, licencias y documentación laboral del personal.

👉 *Departamento de Informática (DI)*
Manejan la infraestructura informática, soporte técnico y redes.

👉 *Taller de Mecánica de Precisión*
https://www.famaf.unc.edu.ar/la-facultad/institucional/areas-y-departamentos/taller-de-mec%C3%A1nica-de-precisi%C3%B3n/

👉 *Taller de Electrónica*
Diseñan, construyen y reparan equipamiento electrónico para actividades académicas.

👉 *Área de Mantenimiento y Maestranza*
Se encargan del mantenimiento del edificio y servicios generales.

👉 *Área de Posgrado*
https://www.famaf.unc.edu.ar/la-facultad/institucional/areas-y-departamentos/%C3%A1rea-de-posgrado/

👉 *Área Económico-Financiera*
Administran recursos económicos, pagos, proveedores y fondos.

👉 *Área Administrativa*
Gestionan trámites administrativos, concursos y evaluación docente.

👉 *Biblioteca “Daniel Oscar Sonzini”*
Ofrecen servicios de información, colecciones bibliográficas y bases de datos académicas.",
Donde encuentro el plan de estudio de la carrera de Computación,Información General,"Los planes de estudio los podés encontrar ingresando al siguiente enlace:

https://www.famaf.unc.edu.ar/academica/grado/

Ahí podrás ver todos los planes de estudio ingresando en la carrera que te interese.","📚 *Planes de estudio*

Los podés encontrar siguiendo estos pasos:
1️⃣ Ingresá siguiente enlace: https://www.famaf.unc.edu.ar/academica/grado/
2️⃣ Seleccioná la carrera que te interese.
3️⃣ Al final de la página vas a poder encontrar su Plan de Estudio.",
Donde encuentro el plan de estudio de la carrera de Matemática,Información General,"Los planes de estudio los podés encontrar ingresando al siguiente enlace:

https://www.famaf.unc.edu.ar/academica/grado/

Ahí podrás ver todos los planes de estudio ingresando en la carrera que te interese.","📚 *Planes de estudio*

Los podés encontrar siguiendo estos pasos:
1️⃣ Ingresá siguiente enlace: https://www.famaf.unc.edu.ar/academica/grado/
2️⃣ Seleccioná la carrera que te interese.
3️⃣ Al final de la página vas a poder encontrar su Plan de Estudio.",
Donde encuentro el plan de estudio de la carrera de Astronomía,Información General,"Los planes de estudio los podés encontrar ingresando al siguiente enlace:

https://www.famaf.unc.edu.ar/academica/grado/

Ahí podrás ver todos los planes de estudio ingresando en la carrera que te interese.","📚 *Planes de estudio*

Los podés encontrar siguiendo estos pasos:
1️⃣ Ingresá siguiente enlace: https://www.famaf.unc.edu.ar/academica/grado/
2️⃣ Seleccioná la carrera que te interese.
3️⃣ Al final de la página vas a poder encontrar su Plan de Estudio.",
Donde encuentro el plan de estudio de la carrera de Física,Información General,"Los planes de estudio los podés encontrar ingresando al siguiente enlace:

https://www.famaf.unc.edu.ar/academica/grado/

Ahí podrás ver todos los planes de estudio ingresando en la carrera que te interese.","📚 *Planes de estudio*

Los podés encontrar siguiendo estos pasos:
1️⃣ Ingresá siguiente enlace: https://www.famaf.unc.edu.ar/academica/grado/
2️⃣ Seleccioná la carrera que te interese.
3️⃣ Al final de la página vas a poder encontrar su Plan de Estudio.",
Donde encuentro el plan de estudio de la carrera de Matemática Aplicada,Información General,"Los planes de estudio los podés encontrar ingresando al siguiente enlace:

https://www.famaf.unc.edu.ar/academica/grado/

Ahí podrás ver todos los planes de estudio ingresando en la carrera que te interese.","📚 *Planes de estudio*

Los podés encontrar siguiendo estos pasos:
1️⃣ Ingresá siguiente enlace: https://www.famaf.unc.edu.ar/academica/grado/
2️⃣ Seleccioná la carrera que te interese.
3️⃣ Al final de la página vas a poder encontrar su Plan de Estudio.",
Donde encuentro el plan de estudio de la carrera de Hidrometeorología,Información General,"Los planes de estudio los podés encontrar ingresando al siguiente enlace:

https://www.famaf.unc.edu.ar/academica/grado/

Ahí podrás ver todos los planes de estudio ingresando en la carrera que te interese.","📚 *Planes de estudio*

Los podés encontrar siguiendo estos pasos:
1️⃣ Ingresá siguiente enlace: https://www.famaf.unc.edu.ar/academica/grado/
2️⃣ Seleccioná la carrera que te interese.
3️⃣ Al final de la página vas a poder encontrar su Plan de Estudio.",
Donde encuentro el plan de estudio del Profesorado en Matemática,Información General,"Los planes de estudio los podés encontrar ingresando al siguiente enlace:

https://www.famaf.unc.edu.ar/academica/grado/

Ahí podrás ver todos los planes de estudio ingresando en la carrera que te interese.","📚 *Planes de estudio*

Los podés encontrar siguiendo estos pasos:
1️⃣ Ingresá siguiente enlace: https://www.famaf.unc.edu.ar/academica/grado/
2️⃣ Seleccioná la carrera que te interese.
3️⃣ Al final de la página vas a poder encontrar su Plan de Estudio.",
Donde encuentro el plan de estudio del Profesorado en Física,Información General,"Los planes de estudio los podés encontrar ingresando al siguiente enlace:

https://www.famaf.unc.edu.ar/academica/grado/

Ahí podrás ver todos los planes de estudio ingresando en la carrera que te interese.","📚 *Planes de estudio*

Los podés encontrar siguiendo estos pasos:
1️⃣ Ingresá siguiente enlace: https://www.famaf.unc.edu.ar/academica/grado/
2️⃣ Seleccioná la carrera que te interese.
3️⃣ Al final de la página vas a poder encontrar su Plan de Estudio.",
Donde encuentro el plan de estudio de Analista en Computación,Información General,"Los planes de estudio los podés encontrar ingresando al siguiente enlace:

https://www.famaf.unc.edu.ar/academica/grado/

Ahí podrás ver todos los planes de estudio ingresando en la carrera que te interese.","📚 *Planes de estudio*

Los podés encontrar siguiendo estos pasos:
1️⃣ Ingresá siguiente enlace: https://www.famaf.unc.edu.ar/academica/grado/
2️⃣ Seleccioná la carrera que te interese.
3️⃣ Al final de la página vas a poder encontrar su Plan de Estudio.",
Donde encuentro el plan de estudio de Tecnicatura en Matemática Aplicada,Información General,"Los planes de estudio los podés encontrar ingresando al siguiente enlace:

https://www.famaf.unc.edu.ar/academica/grado/

Ahí podrás ver todos los planes de estudio ingresando en la carrera que te interese.","📚 *Planes de estudio*

Los podés encontrar siguiendo estos pasos:
1️⃣ Ingresá siguiente enlace: https://www.famaf.unc.edu.ar/academica/grado/
2️⃣ Seleccioná la carrera que te interese.
3️⃣ Al final de la página vas a poder encontrar su Plan de Estudio.",
Donde encuentro el plan de estudio de Tecnicatura en Astronomía,Información General,"Los planes de estudio los podés encontrar ingresando al siguiente enlace:

https://www.famaf.unc.edu.ar/academica/grado/

Ahí podrás ver todos los planes de estudio ingresando en la carrera que te interese.","📚 *Planes de estudio*

Los podés encontrar siguiendo estos pasos:
1️⃣ Ingresá siguiente enlace: https://www.famaf.unc.edu.ar/academica/grado/
2️⃣ Seleccioná la carrera que te interese.
3️⃣ Al final de la página vas a poder encontrar su Plan de Estudio.",
¿Cómo me inscribo para rendir el examen final de Álgebra?,Exámenes,"Ingresá a Guaraní. Una vez dentro, seleccioná la opción ""Inscripción a Exámenes"", elegí la materia a la cual quieras inscribirte para rendir, después seleccioná en el menú desplegable si querés inscribirte al examen como libre o regular, y luego hacé clic en ""Inscribirse"".","📚 *Pasos para inscribirte a los finales*

1️⃣ Entrá a Guaraní: https://autogestion.guarani.unc.edu.ar/.
2️⃣ Buscá la opción *Inscripción a Exámenes*.
3️⃣ Elegí la materia que querés rendir.
4️⃣ Decidí si rendís como *libre* o *regular*

✅ Hacé clic en *Inscribirse* y listo!

¿Necesitás ayuda con algo más?",
¿Cómo me inscribo para rendir el examen final de Análisis Matemático?,Exámenes,"Ingresá a Guaraní. Una vez dentro, seleccioná la opción ""Inscripción a Exámenes"", elegí la materia a la cual quieras inscribirte para rendir, después seleccioná en el menú desplegable si querés inscribirte al examen como libre o regular, y luego hacé clic en ""Inscribirse"".","📚 *Pasos para inscribirte a los finales*

1️⃣ Entrá a Guaraní: https://autogestion.guarani.unc.edu.ar/.
2️⃣ Buscá la opción *Inscripción a Exámenes*.
3️⃣ Elegí la materia que querés rendir.
4️⃣ Decidí si rendís como *libre* o *regular*

✅ Hacé clic en *Inscribirse* y listo!

¿Necesitás ayuda con algo más?",
¿Cómo me inscribo para rendir el examen final de Introducción a la Física?,Exámenes,"Ingresá a Guaraní. Una vez dentro, seleccioná la opción ""Inscripción a Exámenes"", elegí la materia a la cual quieras inscribirte para rendir, después seleccioná en el menú desplegable si querés inscribirte al examen como libre o regular, y luego hacé clic en ""Inscribirse"".","📚 *Pasos para inscribirte a los finales*

1️⃣ Entrá a Guaraní: https://autogestion.guarani.unc.edu.ar/.
2️⃣ Buscá la opción *Inscripción a Exámenes*.
3️⃣ Elegí la materia que querés rendir.
4️⃣ Decidí si rendís como *libre* o *regular*

✅ Hacé clic en *Inscribirse* y listo!

¿Necesitás ayuda con algo más?",
¿Cómo me inscribo para rendir el examen final de Física General?,Exámenes,"Ingresá a Guaraní. Una vez dentro, seleccioná la opción ""Inscripción a Exámenes"", elegí la materia a la cual quieras inscribirte para rendir, después seleccioná en el menú desplegable si querés inscribirte al examen como libre o regular, y luego hacé clic en ""Inscribirse"".","📚 *Pasos para inscribirte a los finales*

1️⃣ Entrá a Guaraní: https://autogestion.guarani.unc.edu.ar/.
2️⃣ Buscá la opción *Inscripción a Exámenes*.
3️⃣ Elegí la materia que querés rendir.
4️⃣ Decidí si rendís como *libre* o *regular*

✅ Hacé clic en *Inscribirse* y listo!

¿Necesitás ayuda con algo más?",
¿Cómo me inscribo para rendir el examen final de Álgebra II?,Exámenes,"Ingresá a Guaraní. Una vez dentro, seleccioná la opción ""Inscripción a Exámenes"", elegí la materia a la cual quieras inscribirte para rendir, después seleccioná en el menú desplegable si querés inscribirte al examen como libre o regular, y luego hacé clic en ""Inscribirse"".","📚 *Pasos para inscribirte a los finales*

1️⃣ Entrá a Guaraní: https://autogestion.guarani.unc.edu.ar/.
2️⃣ Buscá la opción *Inscripción a Exámenes*.
3️⃣ Elegí la materia que querés rendir.
4️⃣ Decidí si rendís como *libre* o *regular*

✅ Hacé clic en *Inscribirse* y listo!

¿Necesitás ayuda con algo más?",
¿Cómo me inscribo para rendir el examen final de Análisis Numérico II?,Exámenes,"Ingresá a Guaraní. Una vez dentro, seleccioná la opción ""Inscripción a Exámenes"", elegí la materia a la cual quieras inscribirte para rendir, después seleccioná en el menú desplegable si querés inscribirte al examen como libre o regular, y luego hacé clic en ""Inscribirse"".","📚 *Pasos para inscribirte a los finales*

1️⃣ Entrá a Guaraní: https://autogestion.guarani.unc.edu.ar/.
2️⃣ Buscá la opción *Inscripción a Exámenes*.
3️⃣ Elegí la materia que querés rendir.
4️⃣ Decidí si rendís como *libre* o *regular*

✅ Hacé clic en *Inscribirse* y listo!

¿Necesitás ayuda con algo más?",
¿Cómo me inscribo para rendir el examen final de Geometría Diferencial?,Exámenes,"Ingresá a Guaraní. Una vez dentro, seleccioná la opción ""Inscripción a Exámenes"", elegí la materia a la cual quieras inscribirte para rendir, después seleccioná en el menú desplegable si querés inscribirte al examen como libre o regular, y luego hacé clic en ""Inscribirse"".","📚 *Pasos para inscribirte a los finales*

1️⃣ Entrá a Guaraní: https://autogestion.guarani.unc.edu.ar/.
2️⃣ Buscá la opción *Inscripción a Exámenes*.
3️⃣ Elegí la materia que querés rendir.
4️⃣ Decidí si rendís como *libre* o *regular*

✅ Hacé clic en *Inscribirse* y listo!

¿Necesitás ayuda con algo más?",
¿Cómo me inscribo para rendir el examen final de Probabilidad?,Exámenes,"Ingresá a Guaraní. Una vez dentro, seleccioná la opción ""Inscripción a Exámenes"", elegí la materia a la cual quieras inscribirte para rendir, después seleccioná en el menú desplegable si querés inscribirte al examen como libre o regular, y luego hacé clic en ""Inscribirse"".","📚 *Pasos para inscribirte a los finales*

1️⃣ Entrá a Guaraní: https://autogestion.guarani.unc.edu.ar/.
2️⃣ Buscá la opción *Inscripción a Exámenes*.
3️⃣ Elegí la materia que querés rendir.
4️⃣ Decidí si rendís como *libre* o *regular*

✅ Hacé clic en *Inscribirse* y listo!

¿Necesitás ayuda con algo más?",
¿Cómo me inscribo para rendir el examen final de Análisis Numérico I?,Exámenes,"Ingresá a Guaraní. Una vez dentro, seleccioná la opción ""Inscripción a Exámenes"", elegí la materia a la cual quieras inscribirte para rendir, después seleccioná en el menú desplegable si querés inscribirte al examen como libre o regular, y luego hacé clic en ""Inscribirse"".","📚 *Pasos para inscribirte a los finales*

1️⃣ Entrá a Guaraní: https://autogestion.guarani.unc.edu.ar/.
2️⃣ Buscá la opción *Inscripción a Exámenes*.
3️⃣ Elegí la materia que querés rendir.
4️⃣ Decidí si rendís como *libre* o *regular*

✅ Hacé clic en *Inscribirse* y listo!

¿Necesitás ayuda con algo más?",
¿Cómo me inscribo para rendir el examen final de Análisis Matemático III?,Exámenes,"Ingresá a Guaraní. Una vez dentro, seleccioná la opción ""Inscripción a Exámenes"", elegí la materia a la cual quieras inscribirte para rendir, después seleccioná en el menú desplegable si querés inscribirte al examen como libre o regular, y luego hacé clic en ""Inscribirse"".","📚 *Pasos para inscribirte a los finales*

1️⃣ Entrá a Guaraní: https://autogestion.guarani.unc.edu.ar/.
2️⃣ Buscá la opción *Inscripción a Exámenes*.
3️⃣ Elegí la materia que querés rendir.
4️⃣ Decidí si rendís como *libre* o *regular*

✅ Hacé clic en *Inscribirse* y listo!

¿Necesitás ayuda con algo más?",
¿Cómo me inscribo para rendir el examen final de Álgebra III?,Exámenes,"Ingresá a Guaraní. Una vez dentro, seleccioná la opción ""Inscripción a Exámenes"", elegí la materia a la cual quieras inscribirte para rendir, después seleccioná en el menú desplegable si querés inscribirte al examen como libre o regular, y luego hacé clic en ""Inscribirse"".","📚 *Pasos para inscribirte a los finales*

1️⃣ Entrá a Guaraní: https://autogestion.guarani.unc.edu.ar/.
2️⃣ Buscá la opción *Inscripción a Exámenes*.
3️⃣ Elegí la materia que querés rendir.
4️⃣ Decidí si rendís como *libre* o *regular*

✅ Hacé clic en *Inscribirse* y listo!

¿Necesitás ayuda con algo más?",
¿Cómo me inscribo para rendir el examen final de Análisis Matemático II?,Exámenes,"Ingresá a Guaraní. Una vez dentro, seleccioná la opción ""Inscripción a Exámenes"", elegí la materia a la cual quieras inscribirte para rendir, después seleccioná en el menú desplegable si querés inscribirte al examen como libre o regular, y luego hacé clic en ""Inscribirse"".","📚 *Pasos para inscribirte a los finales*

1️⃣ Entrá a Guaraní: https://autogestion.guarani.unc.edu.ar/.
2️⃣ Buscá la opción *Inscripción a Exámenes*.
3️⃣ Elegí la materia que querés rendir.
4️⃣ Decidí si rendís como *libre* o *regular*

✅ Hacé clic en *Inscribirse* y listo!

¿Necesitás ayuda con algo más?",
¿Cómo me inscribo para rendir el examen final de Seminarios Astronómicos?,Exámenes,"Ingresá a Guaraní. Una vez dentro, seleccioná la opción ""Inscripción a Exámenes"", elegí la materia a la cual quieras inscribirte para rendir, después seleccioná en el menú desplegable si querés inscribirte al examen como libre o regular, y luego hacé clic en ""Inscribirse"".","📚 *Pasos para inscribirte a los finales*

1️⃣ Entrá a Guaraní: https://autogestion.guarani.unc.edu.ar/.
2️⃣ Buscá la opción *Inscripción a Exámenes*.
3️⃣ Elegí la materia que querés rendir.
4️⃣ Decidí si rendís como *libre* o *regular*

✅ Hacé clic en *Inscribirse* y listo!

¿Necesitás ayuda con algo más?",
¿Cómo me inscribo para rendir el examen final de Física Experimental?,Exámenes,"Ingresá a Guaraní. Una vez dentro, seleccioná la opción ""Inscripción a Exámenes"", elegí la materia a la cual quieras inscribirte para rendir, después seleccioná en el menú desplegable si querés inscribirte al examen como libre o regular, y luego hacé clic en ""Inscribirse"".","📚 *Pasos para inscribirte a los finales*

1️⃣ Entrá a Guaraní: https://autogestion.guarani.unc.edu.ar/.
2️⃣ Buscá la opción *Inscripción a Exámenes*.
3️⃣ Elegí la materia que querés rendir.
4️⃣ Decidí si rendís como *libre* o *regular*

✅ Hacé clic en *Inscribirse* y listo!

¿Necesitás ayuda con algo más?",
¿Cómo me inscribo para rendir el examen final de Física General II ?,Exámenes,"Ingresá a Guaraní. Una vez dentro, seleccioná la opción ""Inscripción a Exámenes"", elegí la materia a la cual quieras inscribirte para rendir, después seleccioná en el menú desplegable si querés inscribirte al examen como libre o regular, y luego hacé clic en ""Inscribirse"".","📚 *Pasos para inscribirte a los finales*

1️⃣ Entrá a Guaraní: https://autogestion.guarani.unc.edu.ar/.
2️⃣ Buscá la opción *Inscripción a Exámenes*.
3️⃣ Elegí la materia que querés rendir.
4️⃣ Decidí si rendís como *libre* o *regular*

✅ Hacé clic en *Inscribirse* y listo!

¿Necesitás ayuda con algo más?",
¿Cómo me inscribo para rendir el examen final de Astronomía General?,Exámenes,"Ingresá a Guaraní. Una vez dentro, seleccioná la opción ""Inscripción a Exámenes"", elegí la materia a la cual quieras inscribirte para rendir, después seleccioná en el menú desplegable si querés inscribirte al examen como libre o regular, y luego hacé clic en ""Inscribirse"".","📚 *Pasos para inscribirte a los finales*

1️⃣ Entrá a Guaraní: https://autogestion.guarani.unc.edu.ar/.
2️⃣ Buscá la opción *Inscripción a Exámenes*.
3️⃣ Elegí la materia que querés rendir.
4️⃣ Decidí si rendís como *libre* o *regular*

✅ Hacé clic en *Inscribirse* y listo!

¿Necesitás ayuda con algo más?",
¿Cómo me inscribo para rendir el examen final de Métodos Matemáticos de la Física?,Exámenes,"Ingresá a Guaraní. Una vez dentro, seleccioná la opción ""Inscripción a Exámenes"", elegí la materia a la cual quieras inscribirte para rendir, después seleccioná en el menú desplegable si querés inscribirte al examen como libre o regular, y luego hacé clic en ""Inscribirse"".","📚 *Pasos para inscribirte a los finales*

1️⃣ Entrá a Guaraní: https://autogestion.guarani.unc.edu.ar/.
2️⃣ Buscá la opción *Inscripción a Exámenes*.
3️⃣ Elegí la materia que querés rendir.
4️⃣ Decidí si rendís como *libre* o *regular*

✅ Hacé clic en *Inscribirse* y listo!

¿Necesitás ayuda con algo más?",
¿Cómo me inscribo para rendir el examen final de Física Experimental II?,Exámenes,"Ingresá a Guaraní. Una vez dentro, seleccioná la opción ""Inscripción a Exámenes"", elegí la materia a la cual quieras inscribirte para rendir, después seleccioná en el menú desplegable si querés inscribirte al examen como libre o regular, y luego hacé clic en ""Inscribirse"".","📚 *Pasos para inscribirte a los finales*

1️⃣ Entrá a Guaraní: https://autogestion.guarani.unc.edu.ar/.
2️⃣ Buscá la opción *Inscripción a Exámenes*.
3️⃣ Elegí la materia que querés rendir.
4️⃣ Decidí si rendís como *libre* o *regular*

✅ Hacé clic en *Inscribirse* y listo!

¿Necesitás ayuda con algo más?",
¿Cómo me inscribo para rendir el examen final de Métodos Numéricos?,Exámenes,"Ingresá a Guaraní. Una vez dentro, seleccioná la opción ""Inscripción a Exámenes"", elegí la materia a la cual quieras inscribirte para rendir, después seleccioná en el menú desplegable si querés inscribirte al examen como libre o regular, y luego hacé clic en ""Inscribirse"".","📚 *Pasos para inscribirte a los finales*

1️⃣ Entrá a Guaraní: https://autogestion.guarani.unc.edu.ar/.
2️⃣ Buscá la opción *Inscripción a Exámenes*.
3️⃣ Elegí la materia que querés rendir.
4️⃣ Decidí si rendís como *libre* o *regular*

✅ Hacé clic en *Inscribirse* y listo!

¿Necesitás ayuda con algo más?",
¿Cómo me inscribo para rendir el examen final de Introducción a los Algoritmos?,Exámenes,"Ingresá a Guaraní. Una vez dentro, seleccioná la opción ""Inscripción a Exámenes"", elegí la materia a la cual quieras inscribirte para rendir, después seleccioná en el menú desplegable si querés inscribirte al examen como libre o regular, y luego hacé clic en ""Inscribirse"".","📚 *Pasos para inscribirte a los finales*

1️⃣ Entrá a Guaraní: https://autogestion.guarani.unc.edu.ar/.
2️⃣ Buscá la opción *Inscripción a Exámenes*.
3️⃣ Elegí la materia que querés rendir.
4️⃣ Decidí si rendís como *libre* o *regular*

✅ Hacé clic en *Inscribirse* y listo!

¿Necesitás ayuda con algo más?",
¿Cómo me inscribo para rendir el examen final de Matemática Discreta?,Exámenes,"Ingresá a Guaraní. Una vez dentro, seleccioná la opción ""Inscripción a Exámenes"", elegí la materia a la cual quieras inscribirte para rendir, después seleccioná en el menú desplegable si querés inscribirte al examen como libre o regular, y luego hacé clic en ""Inscribirse"".","📚 *Pasos para inscribirte a los finales*

1️⃣ Entrá a Guaraní: https://autogestion.guarani.unc.edu.ar/.
2️⃣ Buscá la opción *Inscripción a Exámenes*.
3️⃣ Elegí la materia que querés rendir.
4️⃣ Decidí si rendís como *libre* o *regular*

✅ Hacé clic en *Inscribirse* y listo!

¿Necesitás ayuda con algo más?",
Cómo me inscribo para rendir el examen final de Algoritmos y Estructuras de Datos?,Exámenes,"Ingresá a Guaraní. Una vez dentro, seleccioná la opción ""Inscripción a Exámenes"", elegí la materia a la cual quieras inscribirte para rendir, después seleccioná en el menú desplegable si querés inscribirte al examen como libre o regular, y luego hacé clic en ""Inscribirse"".","📚 *Pasos para inscribirte a los finales*

1️⃣ Entrá a Guaraní: https://autogestion.guarani.unc.edu.ar/.
2️⃣ Buscá la opción *Inscripción a Exámenes*.
3️⃣ Elegí la materia que querés rendir.
4️⃣ Decidí si rendís como *libre* o *regular*

✅ Hacé clic en *Inscribirse* y listo!

¿Necesitás ayuda con algo más?",
¿Cómo me inscribo para rendir el examen final de Algoritmos y Estructuras de Datos II?,Exámenes,"Ingresá a Guaraní. Una vez dentro, seleccioná la opción ""Inscripción a Exámenes"", elegí la materia a la cual quieras inscribirte para rendir, después seleccioná en el menú desplegable si querés inscribirte al examen como libre o regular, y luego hacé clic en ""Inscribirse"".","📚 *Pasos para inscribirte a los finales*

1️⃣ Entrá a Guaraní: https://autogestion.guarani.unc.edu.ar/.
2️⃣ Buscá la opción *Inscripción a Exámenes*.
3️⃣ Elegí la materia que querés rendir.
4️⃣ Decidí si rendís como *libre* o *regular*

✅ Hacé clic en *Inscribirse* y listo!

¿Necesitás ayuda con algo más?",
¿Cómo me inscribo para rendir el examen final de Probabilidad y Estadística?,Exámenes,"Ingresá a Guaraní. Una vez dentro, seleccioná la opción ""Inscripción a Exámenes"", elegí la materia a la cual quieras inscribirte para rendir, después seleccioná en el menú desplegable si querés inscribirte al examen como libre o regular, y luego hacé clic en ""Inscribirse"".","📚 *Pasos para inscribirte a los finales*

1️⃣ Entrá a Guaraní: https://autogestion.guarani.unc.edu.ar/.
2️⃣ Buscá la opción *Inscripción a Exámenes*.
3️⃣ Elegí la materia que querés rendir.
4️⃣ Decidí si rendís como *libre* o *regular*

✅ Hacé clic en *Inscribirse* y listo!

¿Necesitás ayuda con algo más?",
¿Cómo me inscribo para rendir el examen final de Organización del Computador?,Exámenes,"Ingresá a Guaraní. Una vez dentro, seleccioná la opción ""Inscripción a Exámenes"", elegí la materia a la cual quieras inscribirte para rendir, después seleccioná en el menú desplegable si querés inscribirte al examen como libre o regular, y luego hacé clic en ""Inscribirse"".","📚 *Pasos para inscribirte a los finales*

1️⃣ Entrá a Guaraní: https://autogestion.guarani.unc.edu.ar/.
2️⃣ Buscá la opción *Inscripción a Exámenes*.
3️⃣ Elegí la materia que querés rendir.
4️⃣ Decidí si rendís como *libre* o *regular*

✅ Hacé clic en *Inscribirse* y listo!

¿Necesitás ayuda con algo más?",
¿Cómo me inscribo para rendir el examen final de Introducción a la Lógica y la Computación ?,Exámenes,"Ingresá a Guaraní. Una vez dentro, seleccioná la opción ""Inscripción a Exámenes"", elegí la materia a la cual quieras inscribirte para rendir, después seleccioná en el menú desplegable si querés inscribirte al examen como libre o regular, y luego hacé clic en ""Inscribirse"".","📚 *Pasos para inscribirte a los finales*

1️⃣ Entrá a Guaraní: https://autogestion.guarani.unc.edu.ar/.
2️⃣ Buscá la opción *Inscripción a Exámenes*.
3️⃣ Elegí la materia que querés rendir.
4️⃣ Decidí si rendís como *libre* o *regular*

✅ Hacé clic en *Inscribirse* y listo!

¿Necesitás ayuda con algo más?",
¿Cómo me inscribo para rendir el examen final de intro a la logica?,Exámenes,"Ingresá a Guaraní. Una vez dentro, seleccioná la opción ""Inscripción a Exámenes"", elegí la materia a la cual quieras inscribirte para rendir, después seleccioná en el menú desplegable si querés inscribirte al examen como libre o regular, y luego hacé clic en ""Inscribirse"".","📚 *Pasos para inscribirte a los finales*

1️⃣ Entrá a Guaraní: https://autogestion.guarani.unc.edu.ar/.
2️⃣ Buscá la opción *Inscripción a Exámenes*.
3️⃣ Elegí la materia que querés rendir.
4️⃣ Decidí si rendís como *libre* o *regular*

✅ Hacé clic en *Inscribirse* y listo!

¿Necesitás ayuda con algo más?",
¿Cómo me inscribo para rendir el examen final de Sistemas Operativos?,Exámenes,"Ingresá a Guaraní. Una vez dentro, seleccioná la opción ""Inscripción a Exámenes"", elegí la materia a la cual quieras inscribirte para rendir, después seleccioná en el menú desplegable si querés inscribirte al examen como libre o regular, y luego hacé clic en ""Inscribirse"".","📚 *Pasos para inscribirte a los finales*

1️⃣ Entrá a Guaraní: https://autogestion.guarani.unc.edu.ar/.
2️⃣ Buscá la opción *Inscripción a Exámenes*.
3️⃣ Elegí la materia que querés rendir.
4️⃣ Decidí si rendís como *libre* o *regular*

✅ Hacé clic en *Inscribirse* y listo!

¿Necesitás ayuda con algo más?",
¿Cómo me inscribo para rendir el examen final de Algoritmos y Programación?,Exámenes,"Ingresá a Guaraní. Una vez dentro, seleccioná la opción ""Inscripción a Exámenes"", elegí la materia a la cual quieras inscribirte para rendir, después seleccioná en el menú desplegable si querés inscribirte al examen como libre o regular, y luego hacé clic en ""Inscribirse"".","📚 *Pasos para inscribirte a los finales*

1️⃣ Entrá a Guaraní: https://autogestion.guarani.unc.edu.ar/.
2️⃣ Buscá la opción *Inscripción a Exámenes*.
3️⃣ Elegí la materia que querés rendir.
4️⃣ Decidí si rendís como *libre* o *regular*

✅ Hacé clic en *Inscribirse* y listo!

¿Necesitás ayuda con algo más?",
¿Cómo me inscribo para rendir el examen final de Cálculo?,Exámenes,"Ingresá a Guaraní. Una vez dentro, seleccioná la opción ""Inscripción a Exámenes"", elegí la materia a la cual quieras inscribirte para rendir, después seleccioná en el menú desplegable si querés inscribirte al examen como libre o regular, y luego hacé clic en ""Inscribirse"".","📚 *Pasos para inscribirte a los finales*

1️⃣ Entrá a Guaraní: https://autogestion.guarani.unc.edu.ar/.
2️⃣ Buscá la opción *Inscripción a Exámenes*.
3️⃣ Elegí la materia que querés rendir.
4️⃣ Decidí si rendís como *libre* o *regular*

✅ Hacé clic en *Inscribirse* y listo!

¿Necesitás ayuda con algo más?",
¿Cómo me inscribo para rendir el examen final de Cálculo II?,Exámenes,"Ingresá a Guaraní. Una vez dentro, seleccioná la opción ""Inscripción a Exámenes"", elegí la materia a la cual quieras inscribirte para rendir, después seleccioná en el menú desplegable si querés inscribirte al examen como libre o regular, y luego hacé clic en ""Inscribirse"".","📚 *Pasos para inscribirte a los finales*

1️⃣ Entrá a Guaraní: https://autogestion.guarani.unc.edu.ar/.
2️⃣ Buscá la opción *Inscripción a Exámenes*.
3️⃣ Elegí la materia que querés rendir.
4️⃣ Decidí si rendís como *libre* o *regular*

✅ Hacé clic en *Inscribirse* y listo!

¿Necesitás ayuda con algo más?",
¿Cómo me inscribo para rendir el examen final de Álgebra Lineal?,Exámenes,"Ingresá a Guaraní. Una vez dentro, seleccioná la opción ""Inscripción a Exámenes"", elegí la materia a la cual quieras inscribirte para rendir, después seleccioná en el menú desplegable si querés inscribirte al examen como libre o regular, y luego hacé clic en ""Inscribirse"".","📚 *Pasos para inscribirte a los finales*

1️⃣ Entrá a Guaraní: https://autogestion.guarani.unc.edu.ar/.
2️⃣ Buscá la opción *Inscripción a Exámenes*.
3️⃣ Elegí la materia que querés rendir.
4️⃣ Decidí si rendís como *libre* o *regular*

✅ Hacé clic en *Inscribirse* y listo!

¿Necesitás ayuda con algo más?",
¿Cómo me inscribo para rendir el examen final de Física?,Exámenes,"Ingresá a Guaraní. Una vez dentro, seleccioná la opción ""Inscripción a Exámenes"", elegí la materia a la cual quieras inscribirte para rendir, después seleccioná en el menú desplegable si querés inscribirte al examen como libre o regular, y luego hacé clic en ""Inscribirse"".","📚 *Pasos para inscribirte a los finales*

1️⃣ Entrá a Guaraní: https://autogestion.guarani.unc.edu.ar/.
2️⃣ Buscá la opción *Inscripción a Exámenes*.
3️⃣ Elegí la materia que querés rendir.
4️⃣ Decidí si rendís como *libre* o *regular*

✅ Hacé clic en *Inscribirse* y listo!

¿Necesitás ayuda con algo más?",
¿Cómo me inscribo para rendir el examen final de Física II?,Exámenes,"Ingresá a Guaraní. Una vez dentro, seleccioná la opción ""Inscripción a Exámenes"", elegí la materia a la cual quieras inscribirte para rendir, después seleccioná en el menú desplegable si querés inscribirte al examen como libre o regular, y luego hacé clic en ""Inscribirse"".","📚 *Pasos para inscribirte a los finales*

1️⃣ Entrá a Guaraní: https://autogestion.guarani.unc.edu.ar/.
2️⃣ Buscá la opción *Inscripción a Exámenes*.
3️⃣ Elegí la materia que querés rendir.
4️⃣ Decidí si rendís como *libre* o *regular*

✅ Hacé clic en *Inscribirse* y listo!

¿Necesitás ayuda con algo más?",
¿Cómo me inscribo para rendir el examen final de Cálculo Vectorial?,Exámenes,"Ingresá a Guaraní. Una vez dentro, seleccioná la opción ""Inscripción a Exámenes"", elegí la materia a la cual quieras inscribirte para rendir, después seleccioná en el menú desplegable si querés inscribirte al examen como libre o regular, y luego hacé clic en ""Inscribirse"".","📚 *Pasos para inscribirte a los finales*

1️⃣ Entrá a Guaraní: https://autogestion.guarani.unc.edu.ar/.
2️⃣ Buscá la opción *Inscripción a Exámenes*.
3️⃣ Elegí la materia que querés rendir.
4️⃣ Decidí si rendís como *libre* o *regular*

✅ Hacé clic en *Inscribirse* y listo!

¿Necesitás ayuda con algo más?",
¿Cómo me inscribo para rendir el examen final de Funciones Complejas?,Exámenes,"Ingresá a Guaraní. Una vez dentro, seleccioná la opción ""Inscripción a Exámenes"", elegí la materia a la cual quieras inscribirte para rendir, después seleccioná en el menú desplegable si querés inscribirte al examen como libre o regular, y luego hacé clic en ""Inscribirse"".","📚 *Pasos para inscribirte a los finales*

1️⃣ Entrá a Guaraní: https://autogestion.guarani.unc.edu.ar/.
2️⃣ Buscá la opción *Inscripción a Exámenes*.
3️⃣ Elegí la materia que querés rendir.
4️⃣ Decidí si rendís como *libre* o *regular*

✅ Hacé clic en *Inscribirse* y listo!

¿Necesitás ayuda con algo más?",
¿Cómo me inscribo para rendir el examen final de Complementos de Álgebra Lineal?,Exámenes,"Ingresá a Guaraní. Una vez dentro, seleccioná la opción ""Inscripción a Exámenes"", elegí la materia a la cual quieras inscribirte para rendir, después seleccioná en el menú desplegable si querés inscribirte al examen como libre o regular, y luego hacé clic en ""Inscribirse"".","📚 *Pasos para inscribirte a los finales*

1️⃣ Entrá a Guaraní: https://autogestion.guarani.unc.edu.ar/.
2️⃣ Buscá la opción *Inscripción a Exámenes*.
3️⃣ Elegí la materia que querés rendir.
4️⃣ Decidí si rendís como *libre* o *regular*

✅ Hacé clic en *Inscribirse* y listo!

¿Necesitás ayuda con algo más?",
¿Cómo me inscribo para rendir el examen final de Psicología del Aprendizaje?,Exámenes,"Ingresá a Guaraní. Una vez dentro, seleccioná la opción ""Inscripción a Exámenes"", elegí la materia a la cual quieras inscribirte para rendir, después seleccioná en el menú desplegable si querés inscribirte al examen como libre o regular, y luego hacé clic en ""Inscribirse"".","📚 *Pasos para inscribirte a los finales*

1️⃣ Entrá a Guaraní: https://autogestion.guarani.unc.edu.ar/.
2️⃣ Buscá la opción *Inscripción a Exámenes*.
3️⃣ Elegí la materia que querés rendir.
4️⃣ Decidí si rendís como *libre* o *regular*

✅ Hacé clic en *Inscribirse* y listo!

¿Necesitás ayuda con algo más?",
¿Cómo me inscribo para rendir el examen final de Elementos de Física?,Exámenes,"Ingresá a Guaraní. Una vez dentro, seleccioná la opción ""Inscripción a Exámenes"", elegí la materia a la cual quieras inscribirte para rendir, después seleccioná en el menú desplegable si querés inscribirte al examen como libre o regular, y luego hacé clic en ""Inscribirse"".","📚 *Pasos para inscribirte a los finales*

1️⃣ Entrá a Guaraní: https://autogestion.guarani.unc.edu.ar/.
2️⃣ Buscá la opción *Inscripción a Exámenes*.
3️⃣ Elegí la materia que querés rendir.
4️⃣ Decidí si rendís como *libre* o *regular*

✅ Hacé clic en *Inscribirse* y listo!

¿Necesitás ayuda con algo más?",
¿Cómo me inscribo para rendir el examen final de Pedagogía?,Exámenes,"Ingresá a Guaraní. Una vez dentro, seleccioná la opción ""Inscripción a Exámenes"", elegí la materia a la cual quieras inscribirte para rendir, después seleccioná en el menú desplegable si querés inscribirte al examen como libre o regular, y luego hacé clic en ""Inscribirse"".","📚 *Pasos para inscribirte a los finales*

1️⃣ Entrá a Guaraní: https://autogestion.guarani.unc.edu.ar/.
2️⃣ Buscá la opción *Inscripción a Exámenes*.
3️⃣ Elegí la materia que querés rendir.
4️⃣ Decidí si rendís como *libre* o *regular*

✅ Hacé clic en *Inscribirse* y listo!

¿Necesitás ayuda con algo más?",
¿Cómo me inscribo para rendir el examen final de Geometría?,Exámenes,"Ingresá a Guaraní. Una vez dentro, seleccioná la opción ""Inscripción a Exámenes"", elegí la materia a la cual quieras inscribirte para rendir, después seleccioná en el menú desplegable si querés inscribirte al examen como libre o regular, y luego hacé clic en ""Inscribirse"".","📚 *Pasos para inscribirte a los finales*

1️⃣ Entrá a Guaraní: https://autogestion.guarani.unc.edu.ar/.
2️⃣ Buscá la opción *Inscripción a Exámenes*.
3️⃣ Elegí la materia que querés rendir.
4️⃣ Decidí si rendís como *libre* o *regular*

✅ Hacé clic en *Inscribirse* y listo!

¿Necesitás ayuda con algo más?",
¿Cómo me inscribo para rendir el examen final de Complementos de Análisis?,Exámenes,"Ingresá a Guaraní. Una vez dentro, seleccioná la opción ""Inscripción a Exámenes"", elegí la materia a la cual quieras inscribirte para rendir, después seleccioná en el menú desplegable si querés inscribirte al examen como libre o regular, y luego hacé clic en ""Inscribirse"".","📚 *Pasos para inscribirte a los finales*

1️⃣ Entrá a Guaraní: https://autogestion.guarani.unc.edu.ar/.
2️⃣ Buscá la opción *Inscripción a Exámenes*.
3️⃣ Elegí la materia que querés rendir.
4️⃣ Decidí si rendís como *libre* o *regular*

✅ Hacé clic en *Inscribirse* y listo!

¿Necesitás ayuda con algo más?",
¿Dónde puedo ver las correlatividades de Matemática?,Información General,"Para consultar las correlatividades de una carrera, debés ingresar al siguiente enlace:

https://www.famaf.unc.edu.ar/academica/grado/

Una vez allí, seleccioná la carrera que te interese y, dentro de la sección “Características de la Carrera”, vas a encontrar el “Régimen de Correlatividades”, donde se detallan todas las correlatividades.","📚 *Pasos para inscribirte a los finales*

1️⃣ Entrá a Guaraní: https://autogestion.guarani.unc.edu.ar/.
2️⃣ Buscá la opción *Inscripción a Exámenes*.
3️⃣ Elegí la materia que querés rendir.
4️⃣ Decidí si rendís como *libre* o *regular*

✅ Hacé clic en *Inscribirse* y listo!

¿Necesitás ayuda con algo más?",
¿Dónde puedo ver las correlatividades de Astronomia?,Información General,"Para consultar las correlatividades de una carrera, debés ingresar al siguiente enlace:

https://www.famaf.unc.edu.ar/academica/grado/

Una vez allí, seleccioná la carrera que te interese y, dentro de la sección “Características de la Carrera”, vas a encontrar el “Régimen de Correlatividades”, donde se detallan todas las correlatividades.","📌 *Correlatividades* 

Para ver las correlatividades de tu carrera, seguí estos pasos:

1️⃣ Entrá a https://www.famaf.unc.edu.ar/academica/grado/.
2️⃣ Buscá tu carrera en la lista.
3️⃣ Dentro de la sección *Características de la Carrera*, fijate en *Régimen de Correlatividades*. 

Ahí vas a encontrar toda la info que necesitás. 😊",
¿Dónde puedo ver las correlatividades de Fisica?,Información General,"Para consultar las correlatividades de una carrera, debés ingresar al siguiente enlace:

https://www.famaf.unc.edu.ar/academica/grado/

Una vez allí, seleccioná la carrera que te interese y, dentro de la sección “Características de la Carrera”, vas a encontrar el “Régimen de Correlatividades”, donde se detallan todas las correlatividades.","📌 *Correlatividades* 

Para ver las correlatividades de tu carrera, seguí estos pasos:

1️⃣ Entrá a https://www.famaf.unc.edu.ar/academica/grado/.
2️⃣ Buscá tu carrera en la lista.
3️⃣ Dentro de la sección *Características de la Carrera*, fijate en *Régimen de Correlatividades*. 

Ahí vas a encontrar toda la info que necesitás. 😊",
¿Dónde puedo ver las correlatividades de Computación?,Información General,"Para consultar las correlatividades de una carrera, debés ingresar al siguiente enlace:

https://www.famaf.unc.edu.ar/academica/grado/

Una vez allí, seleccioná la carrera que te interese y, dentro de la sección “Características de la Carrera”, vas a encontrar el “Régimen de Correlatividades”, donde se detallan todas las correlatividades.","📌 *Correlatividades* 

Para ver las correlatividades de tu carrera, seguí estos pasos:

1️⃣ Entrá a https://www.famaf.unc.edu.ar/academica/grado/.
2️⃣ Buscá tu carrera en la lista.
3️⃣ Dentro de la sección *Características de la Carrera*, fijate en *Régimen de Correlatividades*. 

Ahí vas a encontrar toda la info que necesitás. 😊",
¿Dónde puedo ver las correlatividades de Matemática Aplicada?,Información General,"Para consultar las correlatividades de una carrera, debés ingresar al siguiente enlace:

https://www.famaf.unc.edu.ar/academica/grado/

Una vez allí, seleccioná la carrera que te interese y, dentro de la sección “Características de la Carrera”, vas a encontrar el “Régimen de Correlatividades”, donde se detallan todas las correlatividades.","📌 *Correlatividades* 

Para ver las correlatividades de tu carrera, seguí estos pasos:

1️⃣ Entrá a https://www.famaf.unc.edu.ar/academica/grado/.
2️⃣ Buscá tu carrera en la lista.
3️⃣ Dentro de la sección *Características de la Carrera*, fijate en *Régimen de Correlatividades*. 

Ahí vas a encontrar toda la info que necesitás. 😊",
¿Dónde puedo ver las correlatividades de Hidrometeorología?,Información General,"Para consultar las correlatividades de una carrera, debés ingresar al siguiente enlace:

https://www.famaf.unc.edu.ar/academica/grado/

Una vez allí, seleccioná la carrera que te interese y, dentro de la sección “Características de la Carrera”, vas a encontrar el “Régimen de Correlatividades”, donde se detallan todas las correlatividades.","📌 *Correlatividades* 

Para ver las correlatividades de tu carrera, seguí estos pasos:

1️⃣ Entrá a https://www.famaf.unc.edu.ar/academica/grado/.
2️⃣ Buscá tu carrera en la lista.
3️⃣ Dentro de la sección *Características de la Carrera*, fijate en *Régimen de Correlatividades*. 

Ahí vas a encontrar toda la info que necesitás. 😊",
¿Dónde puedo ver las correlatividades de Profesorado en Matemática?,Información General,"Para consultar las correlatividades de una carrera, debés ingresar al siguiente enlace:

https://www.famaf.unc.edu.ar/academica/grado/

Una vez allí, seleccioná la carrera que te interese y, dentro de la sección “Características de la Carrera”, vas a encontrar el “Régimen de Correlatividades”, donde se detallan todas las correlatividades.","📌 *Correlatividades* 

Para ver las correlatividades de tu carrera, seguí estos pasos:

1️⃣ Entrá a https://www.famaf.unc.edu.ar/academica/grado/.
2️⃣ Buscá tu carrera en la lista.
3️⃣ Dentro de la sección *Características de la Carrera*, fijate en *Régimen de Correlatividades*. 

Ahí vas a encontrar toda la info que necesitás. 😊",
¿Dónde puedo ver las correlatividades de Profesorado en Física?,Información General,"Para consultar las correlatividades de una carrera, debés ingresar al siguiente enlace:

https://www.famaf.unc.edu.ar/academica/grado/

Una vez allí, seleccioná la carrera que te interese y, dentro de la sección “Características de la Carrera”, vas a encontrar el “Régimen de Correlatividades”, donde se detallan todas las correlatividades.","📌 *Correlatividades* 

Para ver las correlatividades de tu carrera, seguí estos pasos:

1️⃣ Entrá a https://www.famaf.unc.edu.ar/academica/grado/.
2️⃣ Buscá tu carrera en la lista.
3️⃣ Dentro de la sección *Características de la Carrera*, fijate en *Régimen de Correlatividades*. 

Ahí vas a encontrar toda la info que necesitás. 😊",
¿Dónde puedo ver las correlatividades de Analista en Computación?,Información General,"Para consultar las correlatividades de una carrera, debés ingresar al siguiente enlace:

https://www.famaf.unc.edu.ar/academica/grado/

Una vez allí, seleccioná la carrera que te interese y, dentro de la sección “Características de la Carrera”, vas a encontrar el “Régimen de Correlatividades”, donde se detallan todas las correlatividades.","📌 *Correlatividades* 

Para ver las correlatividades de tu carrera, seguí estos pasos:

1️⃣ Entrá a https://www.famaf.unc.edu.ar/academica/grado/.
2️⃣ Buscá tu carrera en la lista.
3️⃣ Dentro de la sección *Características de la Carrera*, fijate en *Régimen de Correlatividades*. 

Ahí vas a encontrar toda la info que necesitás. 😊",
¿Cuándo son las encuestas a los profesores?,Cursado,"Las encuestas correspondientes a las materias que se dicten en el primer cuatrimestre, con excepción de las materias anuales, deberán ser completadas entre el 10 de Junio y el 31 de Julio del año académico respectivo. Las encuestas sobre las materias que se dicten en el segundo cuatrimestre o de forma anual, deberán ser completadas entre el 10 de Noviembre y el 31 de Diciembre del año académico respectivo.","📅 *Plazos para las encuestas a profesores*:

* *Primer cuatrimestre* (excepto anuales): Del *10/06* al *31/07*.
* *Segundo cuatrimestre* o *anuales*: Del *10/11* al *31/12*.

¡No te olvides!",
¿Cómo completar las encuestas a los profesores?,Cursado,"Las encuestas se responden a través del sistema Guaraní, los pasos son los siguientes:

1. Ingresar al Guaraní.
2. Clic en Reportes - Encuestas pendientes.
3. Ir completando todas las encuestas que el sistema pide, hasta que no quede ninguna en la lista.

Ante cualquier duda o consulta, contactarse al email despachoestudiantes@famaf.unc.edu.ar","📌 *Encuestas de Profesores* 

Para completar las encuestas tenes que:
* Entrá al sistema Guaraní.
* Hacé clic en *Reportes* > *Encuestas pendientes*.
* Completá *todas las encuestas* que aparezcan hasta que no quede ninguna. 

Si tenés dudas, podes escribir a despachoestudiantes@famaf.unc.edu.ar. 😊",
¿Cómo completar las encuestas de las materias?,Cursado,"Las encuestas se responden a través del sistema Guaraní, los pasos son los siguientes:

1. Ingresar al Guaraní.
2. Clic en Reportes - Encuestas pendientes.
3. Ir completando todas las encuestas que el sistema pide, hasta que no quede ninguna en la lista.

Ante cualquier duda o consulta, contactarse al email despachoestudiantes@famaf.unc.edu.ar","📌 *Encuestas de las Materias* 

Para completar las encuestas tenes que:
* Entrá al sistema Guaraní.
* Hacé clic en *Reportes* > *Encuestas pendientes*.
* Completá *todas las encuestas* que aparezcan hasta que no quede ninguna. 

Si tenés dudas, podes escribir a despachoestudiantes@famaf.unc.edu.ar. 😊",
¿Puedo rendir el examen final de una materia sin haberla cursado?,Exámenes,Para rendir el examen final de una materia que no cursaste debes tener las correlatividades de esa materia aprobadas y inscribite al exámen final como libre.,"Podés *rendir el final de una materia sin haberla cursado*, pero tenés que:
1. Tener todas las *correlatividades aprobadas*.
2. Inscribirte al final como *libre*.",
¿Cómo me inscribo a la próxima colación?,Egreso,"Los pasos para inscribrte a la próxima colación los podes encontrar en el siguiente documento:

https://drive.google.com/file/d/1pkY8i3dxU-Muz6KZUNN8CnrkxaXulGgZ/view?usp=sharing

Una vez finalizado el circuito de egreso recibirás un email confirmando la inscricpión a la colación con el certificado Analítico y de Título en trámite.

Cualquier duda podes consultarte a nfigueroa@unc.edu.ar.","📌 *Inscripción a la colación*

Para inscribirte a la próxima colación seguí los pasos detallados en este documento: 🔗 https://drive.google.com/file/d/1pkY8i3dxU-Muz6KZUNN8CnrkxaXulGgZ/view?usp=sharing.

Una vez que termines el circuito de egreso, te mandamos un email confirmando tu inscripción con el *Certificado Analítico y de Título en trámite*.

💬 Para dudas sobre este trámite podés escribirle a nfigueroa@unc.edu.ar",
¿Cómo obtengo el título intermedio?,Egreso,"Los pasos para inscribrte a la próxima colación los podes encontrar en el siguiente documento:

https://drive.google.com/file/d/1pkY8i3dxU-Muz6KZUNN8CnrkxaXulGgZ/view?usp=sharing

Una vez finalizado el circuito de egreso recibirás un email confirmando la inscricpión a la colación con el certificado Analítico y de Título en trámite.

Cualquier duda podes consultarte a nfigueroa@unc.edu.ar.","📌 *Obtener el título intermedio*

Podés seguir los pasos en este documento para obtener el título: 
🔗 https://drive.google.com/file/d/1pkY8i3dxU-Muz6KZUNN8CnrkxaXulGgZ/view?usp=sharing.

Una vez que finalices el circuito de egreso, te llegará un email confirmando tu inscripción a la colación con el certificado de *Título en trámite*.

Para dudas sobre este trámite podes escribirle a nfigueroa@unc.edu.ar",
¿Cómo obtengo mi título de Analista en Computación?,Egreso,"Los pasos para inscribrte a la próxima colación los podes encontrar en el siguiente documento:

https://drive.google.com/file/d/1pkY8i3dxU-Muz6KZUNN8CnrkxaXulGgZ/view?usp=sharing

Una vez finalizado el circuito de egreso recibirás un email confirmando la inscricpión a la colación con el certificado Analítico y de Título en trámite.

Cualquier duda podes consultarte a nfigueroa@unc.edu.ar.","📌 *Obtener el título intermedio*

Podés seguir los pasos en este documento para obtener el título: 
🔗 https://drive.google.com/file/d/1pkY8i3dxU-Muz6KZUNN8CnrkxaXulGgZ/view?usp=sharing.

Una vez que finalices el circuito de egreso, te llegará un email confirmando tu inscripción a la colación con el certificado de *Título en trámite*.

Para dudas sobre este trámite podes escribirle a nfigueroa@unc.edu.ar",
¿Cómo obtengo el título de la Tecnicatura Universitaria en Matemática Aplicada?,Egreso,"Los pasos para inscribrte a la próxima colación los podes encontrar en el siguiente documento:

https://drive.google.com/file/d/1pkY8i3dxU-Muz6KZUNN8CnrkxaXulGgZ/view?usp=sharing

Una vez finalizado el circuito de egreso recibirás un email confirmando la inscricpión a la colación con el certificado Analítico y de Título en trámite.

Cualquier duda podes consultarte a nfigueroa@unc.edu.ar.","📌 *Obtener el título intermedio*

Podés seguir los pasos en este documento para obtener el título: 
🔗 https://drive.google.com/file/d/1pkY8i3dxU-Muz6KZUNN8CnrkxaXulGgZ/view?usp=sharing.

Una vez que finalices el circuito de egreso, te llegará un email confirmando tu inscripción a la colación con el certificado de *Título en trámite*.

Para dudas sobre este trámite podes escribirle a nfigueroa@unc.edu.ar",
¿Cómo obtengo el título de la Tecnicatura Universitaria en Astronomía?,Egreso,"Los pasos para inscribrte a la próxima colación los podes encontrar en el siguiente documento:

https://drive.google.com/file/d/1pkY8i3dxU-Muz6KZUNN8CnrkxaXulGgZ/view?usp=sharing

Una vez finalizado el circuito de egreso recibirás un email confirmando la inscricpión a la colación con el certificado Analítico y de Título en trámite.

Cualquier duda podes consultarte a nfigueroa@unc.edu.ar.","📌 *Obtener el título intermedio*

Podés seguir los pasos en este documento para obtener el título: 
🔗 https://drive.google.com/file/d/1pkY8i3dxU-Muz6KZUNN8CnrkxaXulGgZ/view?usp=sharing.

Una vez que finalices el circuito de egreso, te llegará un email confirmando tu inscripción a la colación con el certificado de *Título en trámite*.

Para dudas sobre este trámite podes escribirle a nfigueroa@unc.edu.ar",
¿Qué debo hacer con mi recibo de haberes en el Área de Personal y Sueldos?,Personal y Sueldos,"Los recibos de haberes son enviados desde la SGI de la UNC al área. Es responsabilidad del agente retirarlos, firmarlos y conservar el cuerpo del recibo con el detalle de los montos abonados.","Los *Recibos de haberes*: te lo mandan desde la SGI de la UNC y *tenés que*: 
1️⃣ Retirarlo en el Área de Personal y Sueldos. 
2️⃣ Firmarlo. 
3️⃣ Guardar el cuerpo del recibo (donde dice los montos que te pagaron). ",
¿Existe un portal para descargar recibos de haberes?,Personal y Sueldos,"Sí. Existe un portal del empleado de la UNC donde pueden descargarse los recibos con código QR. Sin firma electrónica aún no sirven para certificar haberes ante organismos oficiales.

https://empleados.unc.edu.ar/autogestion/","Podés descargar tus recibos de haberes en el *portal del empleado de la UNC*:  🔗 https://empleados.unc.edu.ar/autogestion/.
 
⚠️ *Importante*: por ahora, los recibos tienen código QR, pero *no firma electrónica*, por lo tanto *no sirven para certificar haberes ante organismos oficiales*.",
¿Qué ocurre si un agente fallece y no tiene los últimos recibos firmados?,Personal y Sueldos,Para que los beneficiarios puedan cobrar el seguro de vida es fundamental que el agente tenga los últimos tres recibos de haberes firmados y entregados en el Área de Personal y Sueldos.,"Si un agente fallece y no tiene los últimos *3 recibos de haberes* firmados, los beneficiarios *no podrán cobrar el seguro de vida*.",
¿Qué es el impuesto a las ganancias para los empleados?,Personal y Sueldos,El impuesto a las ganancias aplica a quienes obtienen rentas. La UNC actúa como agente de retención para empleados alcanzados por Ganancias de cuarta categoría.,"El *Impuesto a las Ganancias* es un tributo que aplica a quienes tienen ingresos. En el caso de la UNC, esta actúa como *agente de retención* para empleados que están alcanzados por el impuesto de *cuarta categoría*.",
¿Quién administra las retenciones del impuesto a las ganancias en la UNC?,Personal y Sueldos,"La Secretaría de Gestión Institucional de la UNC, a través del Área de Retenciones Impositivas, administra, controla y asesora sobre este impuesto.","*La *Secretaría de Gestión Institucional* de la UNC maneja las retenciones del impuesto a las ganancias en la UNC, a través del *Área de Retenciones Impositivas*.

Podés contactarlos para cualquier consulta o asesoramiento.",
¿Qué normativa regula las licencias docentes?,Personal y Sueldos,"Las licencias docentes están reguladas por la Resolución 1222/2014 del HCS e incluyen actividades académicas, científicas y de investigación, con la correspondiente documentación.","La normativa que regula las licencias docentes es la *Resolución 1222/2014* del HCS.

Esta incluye actividades académicas, científicas y de investigación.",
¿Cómo se solicita una licencia docente para actividades en el exterior?,Personal y Sueldos,"Cuando la licencia es al exterior del país, el docente debe enviar por correo electrónico al área de Personal y Sueldos el formulario en Excel para gestionar la cobertura de asistencia internacional.

personalysueldos@famaf.unc.edu.ar","🌍 *Licencia docente para actividades en el exterior* 

Si necesitás una licencia para irte al exterior, tenés que enviar un formulario en Excel por correo al área de *Personal y Sueldos* para gestionar *la cobertura de asistencia internacional*.

✉️ El correo es personalysueldos@famaf.unc.edu.ar.",
¿Cómo solicitan licencias los agentes nodocentes?,Personal y Sueldos,Los agentes nodocentes deben ingresar al sistema de memos de FAMAF con usuario y contraseña provistos por el área y solicitar la licencia con la debida anticipación.,"Como *agentes nodocente* podés pedir una licencia ingresando al sistema de memos de FAMAF con tu usuario y contraseña (los da el área).

⚠️ *Importante:* recordá solicitarla con anticipación.",
¿Qué es la Licencia Anual Ordinaria para nodocentes?,Personal y Sueldos,Es un período de descanso anual con goce de haberes cuya duración depende de la antigüedad del agente.,La *Licencia Anual Ordinaria para nodocentes* es tu *descanso anual* con goce de sueldo y la duración de la misma depende de tu *antigüedad*.,
¿Cuánto dura la Licencia Anual Ordinaria para nodocentes?,Personal y Sueldos,Es un período de descanso anual con goce de haberes cuya duración depende de la antigüedad del agente.,La *Licencia Anual Ordinaria para nodocentes* es tu *descanso anual* con goce de sueldo y la duración de la misma depende de tu *antigüedad*.,
¿Cuántos días de licencia por paternidad corresponden a nodocentes?,Personal y Sueldos,"Corresponden quince días hábiles con goce de haberes por nacimiento o adopción, previa presentación de la documentación respaldatoria.","👶 *Licencia por paternidad para nodocentes*

Si sos nodocente, tenés *15 días hábiles* de licencia por paternidad con sueldo completo. Solo tenés que presentar la documentación que respalde el nacimiento o adopción.",
¿Cuál es la duración de la licencia por maternidad?,Personal y Sueldos,"La licencia por maternidad con goce de haberes es de ciento ochenta días, distribuidos en cuarenta y cinco días previos y ciento treinta y cinco posteriores al parto. En embarazos de alto riesgo puede ampliarse el período preparto.","👶 *Licencia por maternidad*

 Lalicencia por maternidad con goce de sueldo es de *180 días*, que se dividen en:
 * *45 días* antes del parto.
* *135 días* después.

⚠️ *Importante:* si el embarazo es de *alto riesgo*, se puede extender el período antes del parto.",
¿Qué requisitos deben cumplir los certificados médicos?,Personal y Sueldos,"Los certificados médicos deben ser legibles y contener membrete, nombre y DNI del agente, fecha de emisión, diagnóstico claro, período de reposo, firma y sello del profesional.","Los *certificados médicos* deben ser legibles y contener:
* Membrete del profesional
* Nombre y DNI del paciente
* Fecha de emisión
* Diagnóstico claro
* Período de reposo
* Firma y sello del profesional",
¿Cómo se valida un certificado médico emitido en el exterior?,Personal y Sueldos,"Debe estar firmado por el consulado argentino del país donde fue emitido y, cuando corresponda, acompañado por traducción al idioma castellano.","Para validar un *certificado médico* emitido en el exterior *debe estar firmado por el consulado argentino del país donde fue emitido* y en caso de ser necesario, también debe estar *acompañalo con una traducción al castellano*.",
¿Puedo rendir libre el curso de nivelación?,Ingreso,"Para rendir libre el curso de nivelación, primero tenes que hacer la inscripción definitiva y cuando llegue la fecha de examen inscribirte a rendir el cursillo desde Guaraní en la parte de ""Inscripción a Exámanes"".","*Es posible rendir libre el curso de nivelación*, primero tenés que hacer la *inscripción definitiva* y cuando llegue la fecha del examen, inscribite para rendir la Nivelación desde Guaraní en la sección *Inscripción a Exámenes*.",
¿Puedo rendir libre el cursillo?,Ingreso,"Para rendir libre el curso de nivelación, primero tenes que hacer la inscripción definitiva y cuando llegue la fecha de examen inscribirte a rendir el cursillo desde Guaraní en la parte de ""Inscripción a Exámanes"".","*Es posible rendir libre el curso de nivelación*, primero tenés que hacer la *inscripción definitiva* y cuando llegue la fecha del examen, inscribite para rendir la Nivelación desde Guaraní en la sección *Inscripción a Exámenes*.",
¿Puedo rendir libre el curso de ingreso?,Ingreso,"Para rendir libre el curso de nivelación, primero tenes que hacer la inscripción definitiva y cuando llegue la fecha de examen inscribirte a rendir el cursillo desde Guaraní en la parte de ""Inscripción a Exámanes"".","*Es posible rendir libre el curso de nivelación*, primero tenés que hacer la *inscripción definitiva* y cuando llegue la fecha del examen, inscribite para rendir la Nivelación desde Guaraní en la sección *Inscripción a Exámenes*.",
"Realice un trámite y no me llega el email de confirmación, ¿por qué?",Información General,"Estamos trabajando para regularizar el envío de los correos de confirmación. Le solicitamos su paciencia, ya que el proceso puede demorar una semana o más.","😕 *¿No te llegó el email de confirmación?* 

Estamos trabajando para agilizar el envío de los correos.

*Recordá que este proceso puede tardar una semana o más*.

Gracias por tu paciencia 🙏.",
"Me da error al realizar un trámite, ¿Que hago?",Información General,"Disculpa, por el momento no puedo brindar ayuda específica.

Para obtener una respuesta precisa, te sugerimos comunicarte directamente por correo electrónico con el área correspondiente, según el tema de tu consulta:

- despachoestudiantes@famaf.unc.edu.ar: preinscripciones e inscripciones.
- usuarios.unc@famaf.unc.edu.ar: consultas sobre cuentas @unc o @mi.unc.
- sae@famaf.unc.edu.ar: becas, tutorías y tramitación del Régimen Especial de Cursado.
- nfigueroa@unc.edu.ar (Oficialía): gestión de diplomas y certificados, inscripción para cursar o rendir Trabajos Especiales y consultas sobre actas de examen.

Ellos van a poder orientarte mejor según tu situación.

IMPORTANTE: explica qué error tuviste, con qué trámite junto con tu nombre y apellido.","Lamento mucho que tengas un error en tu trámite. Para resolverlo te sugiero escribir a los correos de la FAMAF según tu consulta:

📧 *Preinscripciones/inscripciones*: despachoestudiantes@famaf.unc.edu.ar
📧 *Cuentas @unc o @mi.unc*: usuarios.unc@famaf.unc.edu.ar
📧 *Becas/tutorías/Régimen Especial*: sae@famaf.unc.edu.ar
📧 *Diplomas/certificados/actas*: nfigueroa@unc.edu.ar

⚠️ *Importante:* explicá el error, el trámite y poné tu nombre y apellido. Así te pueden ayudar!",
"Me olvidé de inscribirme y se me pasó la fecha, ¿Hay algo que se pueda hacer?",Información General,"Para inscribirte una vez que pasó la fecha, debes concurrir personalmente a despacho para evaluar si es posible la inscripción fuera del plazo.","Si se te pasó la fecha de inscripción, podés ir personalmente al despacho de la FAMAF, ahí podrán evaluar si se puede hacer la inscripción fuera de plazo.

¡No te quedes con la duda!",
¿Cuándo tengo que inscribirme a un examen?,Exámenes,"Las inscripciones a los exámenes se realizarán a través del sistema Guaraní, a partir del sábado 14 de Febrero a las 9:00 hs hasta tres días hábiles antes del examen.

En caso de no encontrar la materia para rendir, o ser ésta una Especialidad, Optativa, Materia Vocacional, Materia para Estudiante Regular Internacional, la inscripción deberás realizarla en las mismas fechas, pero a través de éste formulario.","📅 *Inscripción a exámenes*:

Están abiertas desde el *sábado 14 de febrero a las 9:00 hs* hasta *3 días hábiles antes* del examen.

👉 *¿Qué significa ""3 días hábiles""?*: No se cuentan ni sábados, ni domingos, ni feriados. Por ejemplo, si rendís un lunes, el último día para anotarte suele ser el miércoles anterior. ¡No te dejes estar!

Las inscripciones se realizan a través del sistema Guaraní. En caso de que no encuentres la materia o si es una *Especialidad, Optativa, Materia Vocacional o para Estudiante Regular Internacional*, usá este formulario: 🔗 https://forms.gle/VccEhhg5BVnDU85H9",
"No me puedo inscribir al examen del curso de nivelación, ¿Que hago?",Ingreso,En caso de que no te deje inscribirte al examen del curso de nivelación debes escribirle a tu profesora a través del Aula Virtual.,"Si no podés inscribirte al examen del curso de nivelación, contactá a tu profesora por el *Aula Virtual*.",
Necesito un certificado papel y/o digital de asistencia a examen.,Exámenes,"Debes dirigirte al despacho de alumnos antes del examen, solicitarles la hoja y en el examen pedirle al profesor que firme y luego llevarsela a despacho nuevamente para que te lo sellen.","📌 *Certificado de asistencia a examen*: 

Pasos para obtener tu certificado: 
1️⃣ Pasá por *despacho de alumnos* antes del examen y pedí la hoja. 
2️⃣ En el examen, pedile al profesor que la firme. 
3️⃣ Lleva de vuelta la hoja a *despacho de alumnos* para que te la sellen. 

¡Listo! Así obtenes tu certificado. ",
¿Cuándo abren las inscripciones a las materias?,Cursado,"Las inscripciones a las materias de grado y posgrado se encuentran abiertas desde el día 2 de Marzo hasta el día 13 de Marzo del 2026 para las materias que se dictan en el primer cuatrimestre. Para las materias del segundo cuatrimestre, las inscripciones comienzan desde el día 3 de Agosto hasta el día 14 de Agosto. 

Para las materias del primer cuatrimestre del primer año las inscripciones se encuentran abiertas desde el 4 de Marzo hasta el 14 de Marzo.","Las fechas de inscripción son:

📅 *Inscripciones 1er cuatrimestre*:
* *1er año*: del 04/03 al 14/03.
* *Materias del resto de los años*: del 02/03 al 13/03/2026.

📅 *Inscripciones 2do cuatrimestre*:
* Del 03/08 al 14/08.

Si necesitás algo más, avisame 😊",
¿Cuándo comienzan las clases de las materias de grado y posgrado?,Cursado,"Las clases de las materias de grado y posgrado correspondientes al primer cuatrimestre del año 2026 comienzan el día 9 de Marzo hasta el día 19 de Junio, mientras que las clases materias del segundo cuatrimestre comienzan el día 10 de Agosto hasta el 19 de Noviembre.","📅 *Primer cuatrimestre 2026*
Las clases de grado y posgrado empiezan el *9 de marzo* y terminan el *19 de junio*.

📅 *Segundo cuatrimestre 2026*
Las clases de grado y posgrado empiezan el *10 de agosto* y terminan el *19 de noviembre*.",
¿Cuál es el correo de Despacho de Estudiantes?,Información General,El correo del Despacho de Estudiantes es despachoestudiantes@famaf.unc.edu.ar,"📩 *Correo del Despacho de Estudiantes*: despachoestudiantes@famaf.unc.edu.ar

Si necesitás ayuda, ¡escribiles! 😊",
¿Cuál es el correo de la Oficialía?,Información General,Para comunicarte con la Oficialía podes hacerlo usando el correo nigueroa@unc.edu.ar,"📩 *Correo de la Oficialía*: nigueroa@unc.edu.ar

Si necesitás algo, mandales un mail. 😊",
¿A qué correo me puedo comunicar para consultar sobre el ingreso?,Información General,El correo para consultas relacionadas con el ingreso es ingreso@famaf.unc.edu.ar,"📩 *Correo para consultas de ingreso*: ingreso@famaf.unc.edu.ar

Si tenés dudas sobre el proceso, mandales un mail. ¡Estamos para ayudarte! 😊",
¿Cuál es el correo de la Secretaría de Posgrado?,Información General,Para comunicarte con la Secretaría de Posgrado podes hacerlo a través de posgrado@famaf.unc.edu.ar,"📩 Si necesitás contactar a la Secretaría de Posgrado, escribiles a *posgrado@famaf.unc.edu.ar*. 
¡Ahí te van a ayudar con todo lo que necesites! 😊",
¿Dónde puedo consultar las Optativas de Computación?,Cursado,"Las optativas de Computación en 2026 son:
- Computación  y Sociedad dicatada por Blanco, Javier Oscar.
- Electrónica para Laboratorios Experimentales de Investigación con Peretti, Gabriela Marta y Romero, Eduardo Abel.
- Introducción a la Didáctica de Computación e Inteligencia Artificial dicatada por Acosta, Araceli Natalia.
- Introducción al Análisis de Series Temporales con Flesia, Ana Georgina.
- Sistemas de Tiempo Real dicatada por Laprovitta, Agustín Miguel.

Siempre podes consultarlas en el Distribución Docente del correspondiente año:
https://share.google/qoDQXEpip0M9MOHmy (año 2026)","📚 *Optativas de Computación 2026*:
* *Computación y Sociedad* - Blanco, Javier Oscar.
* *Electrónica para Laboratorios Experimentales de Investigación* - Peretti, Gabriela Marta y Romero, Eduardo Abel.
* *Introducción a la Didáctica de Computación e Inteligencia Artificial* - Acosta, Araceli Natalia.
* *Introducción al Análisis de Series Temporales* - Flesia, Ana Georgina.
* *Sistemas de Tiempo Real* - Laprovitta, Agustín Miguel.

📌 Siempre podes consultarlas en la distribución docente del correspondiente año:
🔗 https://share.google/qoDQXEpip0M9MOHmy (año 2026)",
¿Qué materias pueden hacerse como Especialidad II de Astronomía?,Cursado,"Las materias de Especialidad II de Astronomía en 2026 son:
- Cúmulos Globulares: Laboratorios Cósmicos de la Evolución Estelar dictada por Muriel, Hernán.
- Elementos de espectroscopía astronómica con red de difracción dictada por Weidmann, Walter Alfredo.
- Estructura en Gran Escala del Universo con Abadi, Mario Gabriel.
- Medio Interestelar, Galaxias Starburst y Núcleos Activos de Galaxias con Gunthardt, Guillermo Iván.
- Radio Astronomía Galáctica y Extragaláctica dicatada por Varlotto, Carlos Alberto

Siempre podés consultarlas en la Distribución Docente del correspondiente año:
https://share.google/qoDQXEpip0M9MOHmy (año 2026)","📚 *Materias de Especialidad II de Astronomía 2026*:
* *Cúmulos Globulares*: Laboratorios Cósmicos de la Evolución Estelar (Muriel, Hernán).
* *Elementos de Espectroscopía Astronómica*: con red de difracción (Weidmann, Walter Alfredo).
* *Estructura en Gran Escala del Universo* (Abadi, Mario Gabriel).
* *Medio Interestelar, Galaxias Starburst y Núcleos Activos de Galaxias* (Gunthardt, Guillermo Iván).
* *Radio Astronomía Galáctica y Extragaláctica* (Varlotto, Carlos Alberto).

📌 Siempre podes consultarlas en la distribución docente del correspondiente año:
🔗 https://share.google/qoDQXEpip0M9MOHmy (año 2026)",
¿Qué materias pueden hacerse como Especialidad II de Física?,Cursado,"Las materias de Especialidad II de Física en 2026 son:
- Electrónica para Laboratorios Experimentales de Investigación dictada por Peretti, Gabriela Marta y Romero, Eduardo Abel.
- Física Computacional dictada por Banchio, Adolfo Javier y Marconi, Verónica Iris.
- Imágenes por Resonancia Magnética con Acosta, Rodolfo Héctor.
- Introducción a la Información Cuántica con Majtey, Ana Paula.
- Introducción a la Radiobiología dicatada por Valente, Mauro Andrés.
- Relatividad Numérica dicatada por Carrasco, Federico León y Gallo, Emanuel.
- Segunda Cuantización por Osenda, Omar.
- Sistemas de Tiempo Real por Laprovitta, Agustín Miguel.

Siempre podés consultarlas en la Distribución Docente del correspondiente año:
https://share.google/qoDQXEpip0M9MOHmy (año 2026)","📚 *Materias de Especialidad II de Física 2026*:
* *Electrónica para Laboratorios Experimentales de Investigación* - Peretti, Gabriela Marta y Romero, Eduardo Abel.
* *Física Computacional* - Banchio, Adolfo Javier y Marconi, Verónica Iris.
* *Imágenes por Resonancia Magnética* - Acosta, Rodolfo Héctor.
* *Introducción a la Información Cuántica* - Majtey, Ana Paula.
* *Introducción a la Radiobiología* - Valente, Mauro Andrés.
* *Relatividad Numérica* - Carrasco, Federico León y Gallo, Emanuel.
* *Segunda Cuantización* - Osenda, Omar.
* *Sistemas de Tiempo Real* - Laprovitta, Agustín Miguel.

📌 Siempre podes consultarlas en la distribución docente del correspondiente año:
🔗 https://share.google/qoDQXEpip0M9MOHmy (año 2026)",
¿Qué materias pueden hacerse como Especialidad I de Matemática?,Cursado,"Las materias de Especialidad I de Matemática en 2026 son:
- Espacios de Lebesgue variables pesados y teoría de extrapolación dictada por Vallejos, Lucas Alejandro.
- Geometría Algebraica dictada por Sulca, Diego Armando.
- Introducción a las álgebras de Lie y sus representaciones con Cagliero, Leandro Roberto.
- Teoría de Modelos con Badano, Mariana Vanessa.

Siempre podés consultarlas en la Distribución Docente del correspondiente año:
https://share.google/qoDQXEpip0M9MOHmy (año 2026)","📚 *Materias de Especialidad I de Matemática 2026*

* *Espacios de Lebesgue Variables Pesados y Teoría de Extrapolación* con Vallejos, Lucas Alejandro.
* *Geometría Algebraica* con Sulca, Diego Armando.
* *Introducción a las álgebras de Lie y sus Representaciones* con Cagliero, Leandro Roberto.
* *Teoría de Modelos* con Badano, Mariana Vanessa.

📌 Siempre podes consultarlas en la distribución docente del correspondiente año:
🔗 https://share.google/qoDQXEpip0M9MOHmy (año 2026)",
¿Qué materias pueden hacerse como Optativa II de Matemática Aplicada?,Cursado,"Las materias de Optativa II de Matemática Aplicada en 2026 son:
- Introducción al Análisis de Series Temporales dictada por Flesia, Ana Georgina.

Siempre podés consultarlas en la Distribución Docente del correspondiente año:
https://share.google/qoDQXEpip0M9MOHmy (año 2026)","📚 *Materias de Optativa II de Matemática Aplicada 2026* :
* *Introducción al Análisis de Series Temporales* (dictada por Ana Georgina Flesia). 

📌 Siempre podes consultarlas en la distribución docente del correspondiente año:
🔗 https://share.google/qoDQXEpip0M9MOHmy (año 2026)",
¿Cómo hago para obtener un casillero en FAMAF?,Información General,"Para solicitar el préstamo de uno de los 24 casilleros disponibles ubicados en el segundo piso de la Facultad las inscripciones se enceuntran abiertas desde el Lunes 2 de Marzo hasta el Viernes 13 de Marzo hasta las 14:00 hs mediante el siguiente formulario: https://tinyurl.com/2545b9xh.

Los resultados serán publicados el día 25 de Marzo y se dará inicio a las nuevas asignaciones el dia 4 de Abril.

Como requisito el alumno debe contar con una inscripción vigente al menos a una materia en el momento de la solicitud. Aquellos que cumplan los requisitos pero no accedan a un cupo inicial, integrarán una lista de espera con vigencia anual.

IMPORTANTE: entre el 25 de Marzo y el 3 de Abril, todos los inscriptos deberán presentarse en la SAE para notificarse. De no hacerlo, se perderá la vacante o el lugar en la lista de espera. Además, quienes resultan beneficiarios deberán proveer su propio candado y firmar el acuerdo de responsabilidad correspondiente.","📌 *Casilleros de FAMAF* 

Las inscripciones están abiertas desde el *2 de marzo* hasta el *13 de marzo* a las 14:00 hs.

📝 *Formulario de Inscripción*: https://tinyurl.com/2545b9xh 

* Los resultados estarán el *25 de marzo* y los nuevos casilleros se asignan desde el *4 de abril*.
* Como *requisito* tenés que *estar inscripto en al menos una materia*. 

⚠️ *Importante*: 
* Entre el *25 de marzo* y el *3 de abril*, tenés que pasar por la SAE para confirmar. Si no lo hacés, perdés el casillero o el lugar en la lista de espera.
* Si te dan un casillero, llevá tu propio candado y firmá el acuerdo de responsabilidad en la SAE.",
¿Cuales son los requisitos para solicitar una mesa especial de examen?,Exámenes,"Para rendir en una mesa especial, deben faltarte dos materias para egresar (es decir el Trabajo Especial y otra más; si egresas de Analista o del profesorado, se cuentan materias comunes).

Los/as estudiantes que adeuden hasta dos materias para egresar, podrán solicitar una fecha de examen hasta el 31 de Marzo de 2026.","📌 *Requisito para mesa especial de examen*:

Para pedir una mesa especial de examen tienen que faltarte *solo dos materias* para egresar (incluyendo el Trabajo Especial). Además, si sos de Analista o Profesorado, se cuentan las materias comunes.

📅 *Plazo*: Podés pedir la fecha hasta el *31/03/2026*.",
¿Cómo es el procedimiento para solicitar una mesa especial de examen?,Exámenes,"Para rendir en época especial, deben faltarte dos materias para egresar (es decir el Trabajo Especial y otra más; si egresas de Analista o del profesorado, se cuentan materias comunes). 

El procedimiento es el siguiente: debes enviar una nota solicitando la fecha especial, firmada por vos y el docente encargado de la materia, por lo menos una semana antes de la fecha en la que quieras rendir, si la fecha especial es para rendir el Trabajo Especial, el procedimiento es otro. Debes tener en cuenta que si otro alumno ya se inscribió para esa materia en la época solicitada deben rendir el mismo día, es decir solo hay una mesa por época.

Este es el modelo de la nota que deben enviar firmada: https://drive.google.com/file/d/1nandgoClw138jBfMujEdwmc9MyJIJtkL","📌 *Cómo pedir una mesa especial de examen*

Para pedir una mesa especial, tenés que:
1️⃣ Adeudar *solo dos materias* para egresar (incluyendo el Trabajo Especial). Si sos de Analista o Profesorado, se cuentan las materias comunes.
2️⃣ Enviá una *nota firmada por vos y el docente* de la materia, *al menos una semana antes* de la fecha que querés rendir. Acá hay un modelo para la nota que podes usar para guiarte: 🔗 https://drive.google.com/file/d/1nandgoClw138jBfMujEdwmc9MyJIJtkL.

⚠️ *Importante:* 
* Si la fecha especial es para el Trabajo Especial, el procedimiento es otro.
* Si otro estudiante ya se inscribió para esa materia en la época que pedís, *rinden el mismo día* (solo hay una mesa por época).
",
¿La Tecnicatura Universitaria en Matemática Aplicada tiene modalidad presencial? ,Ingreso,Las carreras de grado de FAMAF son presenciales. Solamente se puede cursar el curso de nivelación a distancia.,"Los títulos intermedios son *presenciales*, como así también todas las carreras de grado de FAMAF. Solo el *curso de nivelación* se puede hacer a distancia.

Si necesitas que te diga las modalidades del Curso de Nivelación, ¡Avisame! 😊",
¿La Tecnicatura Universitaria en Matemática Aplicada es a distancia (online)? ,Ingreso,Las carreras de grado de FAMAF son presenciales. Solamente se puede cursar el curso de nivelación a distancia.,"Todas las carreras de grado de FAMAF tienen modalidad *presencial*. Solo el *curso de nivelación* se puede cursar a distancia. 

Si necesitas que te diga las modalidades del Curso de Nivelación, ¡Avisame! 😊",
¿La Tecnicatura Universitaria en Astronomía tiene modalidad presencial? ,Ingreso,Las carreras de grado de FAMAF son presenciales. Solamente se puede cursar el curso de nivelación a distancia.,"Todas las carreras de grado de FAMAF tienen modalidad *presencial*. Solo el *curso de nivelación* se puede cursar a distancia. 

Si necesitas que te diga las modalidades del Curso de Nivelación, ¡Avisame! 😊",
¿La Tecnicatura Universitaria en Astronomía es a distancia (online)? ,Ingreso,Las carreras de grado de FAMAF son presenciales. Solamente se puede cursar el curso de nivelación a distancia.,"Los títulos intermedios son *presenciales*, como así también todas las carreras de grado de FAMAF. Solo el *curso de nivelación* se puede hacer a distancia.

Si necesitas que te diga las modalidades del Curso de Nivelación, ¡Avisame! 😊",
¿La carrera Licenciatura en Física es presencial?,Ingreso,Las carreras de grado de FAMAF son presenciales. Solamente se puede cursar el curso de nivelación a distancia.,"Todas las carreras de grado de FAMAF tienen modalidad *presencial*. Solo el *curso de nivelación* se puede cursar a distancia. 

Si necesitas que te diga las modalidades del Curso de Nivelación, ¡Avisame! 😊",
¿La carrera Licenciatura en Física es a distancia (online)?,Ingreso,Las carreras de grado de FAMAF son presenciales. Solamente se puede cursar el curso de nivelación a distancia.,"Todas las carreras de grado de FAMAF tienen modalidad *presencial*. Solo el *curso de nivelación* se puede cursar a distancia. 

Si necesitas que te diga las modalidades del Curso de Nivelación, ¡Avisame! 😊",
¿La carrera Licenciatura en Astronomía es presencial?,Ingreso,Las carreras de grado de FAMAF son presenciales. Solamente se puede cursar el curso de nivelación a distancia.,"Todas las carreras de grado de FAMAF tienen modalidad *presencial*. Solo el *curso de nivelación* se puede cursar a distancia. 

Si necesitas que te diga las modalidades del Curso de Nivelación, ¡Avisame! 😊",
¿La carrera Licenciatura en Astronomía es a distancia (online)?,Ingreso,Las carreras de grado de FAMAF son presenciales. Solamente se puede cursar el curso de nivelación a distancia.,"Todas las carreras de grado de FAMAF tienen modalidad *presencial*. Solo el *curso de nivelación* se puede cursar a distancia. 

Si necesitas que te diga las modalidades del Curso de Nivelación, ¡Avisame! 😊",
¿La carrera Licenciatura en Matemática es presencial?,Ingreso,Las carreras de grado de FAMAF son presenciales. Solamente se puede cursar el curso de nivelación a distancia.,"Todas las carreras de grado de FAMAF tienen modalidad *presencial*. Solo el *curso de nivelación* se puede cursar a distancia. 

Si necesitas que te diga las modalidades del Curso de Nivelación, ¡Avisame! 😊",
¿La carrera Licenciatura en Matemática es a distancia (online)?,Ingreso,Las carreras de grado de FAMAF son presenciales. Solamente se puede cursar el curso de nivelación a distancia.,"Todas las carreras de grado de FAMAF tienen modalidad *presencial*. Solo el *curso de nivelación* se puede cursar a distancia. 

Si necesitas que te diga las modalidades del Curso de Nivelación, ¡Avisame! 😊",
¿La carrera Licenciatura en Matemática Aplicada es presencial?,Ingreso,Las carreras de grado de FAMAF son presenciales. Solamente se puede cursar el curso de nivelación a distancia.,"Todas las carreras de grado de FAMAF tienen modalidad *presencial*. Solo el *curso de nivelación* se puede cursar a distancia. 

Si necesitas que te diga las modalidades del Curso de Nivelación, ¡Avisame! 😊",
¿La carrera Licenciatura en Matemática Aplicada es a distancia (online)?,Ingreso,Las carreras de grado de FAMAF son presenciales. Solamente se puede cursar el curso de nivelación a distancia.,"Todas las carreras de grado de FAMAF tienen modalidad *presencial*. Solo el *curso de nivelación* se puede cursar a distancia. 

Si necesitas que te diga las modalidades del Curso de Nivelación, ¡Avisame! 😊",
¿La carrera Licenciatura en Ciencias de la Computación es presencial?,Ingreso,Las carreras de grado de FAMAF son presenciales. Solamente se puede cursar el curso de nivelación a distancia.,"Todas las carreras de grado de FAMAF tienen modalidad *presencial*. Solo el *curso de nivelación* se puede cursar a distancia. 

Si necesitas que te diga las modalidades del Curso de Nivelación, ¡Avisame! 😊",
¿La carrera Licenciatura en Ciencias de la Computación es a distancia (online)?,Ingreso,Las carreras de grado de FAMAF son presenciales. Solamente se puede cursar el curso de nivelación a distancia.,"Todas las carreras de grado de FAMAF tienen modalidad *presencial*. Solo el *curso de nivelación* se puede cursar a distancia. 

Si necesitas que te diga las modalidades del Curso de Nivelación, ¡Avisame! 😊",
¿La carrera Licenciatura en Hidrometeorología es presencial?,Ingreso,Las carreras de grado de FAMAF son presenciales. Solamente se puede cursar el curso de nivelación a distancia.,"Todas las carreras de grado de FAMAF tienen modalidad *presencial*. Solo el *curso de nivelación* se puede cursar a distancia. 

Si necesitas que te diga las modalidades del Curso de Nivelación, ¡Avisame! 😊",
¿La carrera Licenciatura en Hidrometeorología es a distancia (online)?,Ingreso,Las carreras de grado de FAMAF son presenciales. Solamente se puede cursar el curso de nivelación a distancia.,"Todas las carreras de grado de FAMAF tienen modalidad *presencial*. Solo el *curso de nivelación* se puede cursar a distancia. 

Si necesitas que te diga las modalidades del Curso de Nivelación, ¡Avisame! 😊",
¿La carrera de Profesorado en Física tiene modalidad presencial?,Ingreso,Las carreras de grado de FAMAF son presenciales. Solamente se puede cursar el curso de nivelación a distancia.,"Todas las carreras de grado de FAMAF tienen modalidad *presencial*. Solo el *curso de nivelación* se puede cursar a distancia. 

Si necesitas que te diga las modalidades del Curso de Nivelación, ¡Avisame! 😊",
¿La carrera de Profesorado en Física es a distancia (online)?,Ingreso,Las carreras de grado de FAMAF son presenciales. Solamente se puede cursar el curso de nivelación a distancia.,"Todas las carreras de grado de FAMAF tienen modalidad *presencial*. Solo el *curso de nivelación* se puede cursar a distancia. 

Si necesitas que te diga las modalidades del Curso de Nivelación, ¡Avisame! 😊",
¿La carrera de Profesorado en Matemática tiene modalidad presencial?,Ingreso,Las carreras de grado de FAMAF son presenciales. Solamente se puede cursar el curso de nivelación a distancia.,"Todas las carreras de grado de FAMAF tienen modalidad *presencial*. Solo el *curso de nivelación* se puede cursar a distancia. 

Si necesitas que te diga las modalidades del Curso de Nivelación, ¡Avisame! 😊",
¿La carrera de Profesorado en Matemática es a distancia (online)?,Ingreso,Las carreras de grado de FAMAF son presenciales. Solamente se puede cursar el curso de nivelación a distancia.,"Todas las carreras de grado de FAMAF tienen modalidad *presencial*. Solo el *curso de nivelación* se puede cursar a distancia. 

Si necesitas que te diga las modalidades del Curso de Nivelación, ¡Avisame! 😊",
¿Se puede cursar Analista en Computación a distancia (online)?,Ingreso,Las carreras de grado de FAMAF son presenciales. Solamente se puede cursar el curso de nivelación a distancia.,"Los títulos intermedios son *presenciales*, como así también todas las carreras de grado de FAMAF. Solo el *curso de nivelación* se puede hacer a distancia.

Si necesitas que te diga las modalidades del Curso de Nivelación, ¡Avisame! 😊",
¿Analista en Computación tiene modalidad presencial?,Ingreso,Las carreras de grado de FAMAF son presenciales. Solamente se puede cursar el curso de nivelación a distancia.,"Los títulos intermedios son *presenciales*, como así también todas las carreras de grado de FAMAF. Solo el *curso de nivelación* se puede hacer a distancia.

Si necesitas que te diga las modalidades del Curso de Nivelación, ¡Avisame! 😊",
¿Hay alguna carrera que se dicte a distancia?,Ingreso,Las carreras de grado de FAMAF son presenciales. Solamente se puede cursar el curso de nivelación a distancia.,"Los títulos intermedios son *presenciales*, como así también todas las carreras de grado de FAMAF. Solo el *curso de nivelación* se puede hacer a distancia.

Si necesitas que te diga las modalidades del Curso de Nivelación, ¡Avisame! 😊",
¿El cursillo de ingreso es eliminatorio?,Ingreso,"El curso de nivelación de FAMAF no es eliminatorio, pero si cuenta como una materia más y es la primer correlativa para cualquier otra materia.","El curso de nivelación *no es eliminatorio*, pero si cuenta como una *materia más* de la carrera.

Esto significa que es la *primera correlativa*: necesitás tenerlo aprobado para poder seguir avanzando con el resto de las materias. 📚",
¿El Curso de Nivelación es eliminatorio?,Ingreso,"El curso de nivelación de FAMAF no es eliminatorio, pero si cuenta como una materia más y es la primer correlativa para cualquier otra materia.","El curso de nivelación *no es eliminatorio*, pero si cuenta como una *materia más* de la carrera.

Esto significa que es la *primera correlativa*: necesitás tenerlo aprobado para poder seguir avanzando con el resto de las materias. 📚",
¿El Ingreso es eliminatorio?,Ingreso,"El curso de nivelación de FAMAF no es eliminatorio, pero si cuenta como una materia más y es la primer correlativa para cualquier otra materia.","El curso de nivelación *no es eliminatorio*, pero si cuenta como una *materia más* de la carrera.

Esto significa que es la *primera correlativa*: necesitás tenerlo aprobado para poder seguir avanzando con el resto de las materias. 📚",
¿Cómo hago la reinscripción anual a la propuesta en la que estoy?,Cursado,"Para realizar la reinscripción anual debes ingresar a Guaraní y en el inicio te saldrá un botón naranja que dice ""Reinscribirse"".","📌 *Reinscripción anual* 📌

Para reinscribirte, seguí estos pasos:

1️⃣ Entrá a Guaraní.
2️⃣ Buscá el botón naranja que dice *Reinscribirse* en la pantalla de inicio.

¡Listo!",
"Ya realicé la preinscripción, ¿Qué es lo siguiente que debo hacer?",Ingreso,"Si ya tenes el comprobante de la preinscripción, lo único que queda es venir a clases y en la fecha correspondiente realizar la inscripción definitiva.","Si ya realizaste la inscripción y tenés el comprobante. Ahora solo falta: *venir a clases* y *realizar la inscripción definitiva* en la fecha que corresponde. 

¡Cualquier duda, avisame! 😊",
¿Cuánto dura la regularidad de una materia?,Cursado,La regularidad de una materia duran dos años y un turno de examen.,La regularidad de una materia dura *2 años* y un *turno de examen*.,
¿Me puedo inscribir a una materia como oyente?,Cursado,"Para cursar una o un grupo de materias en un cuatrimestre sin cursar toda la carrera, puedes solicitar inscripción como alumno/a vocacional, siguiendo el siguiente instructivo: https://docs.google.com/document/d/1-hWXC3_v-rpXJdCudmUgQmSXCHofVRgFERWc_j7YOwg/edit?tab=t.0","Cursar como oyente te permite *cursar una materia sin inscribirte en toda la carrera*.

Para inscribirte como *alumno vocacional* (oyente), seguí este instructivo: 🔗 https://docs.google.com/document/d/1-hWXC3_v-rpXJdCudmUgQmSXCHofVRgFERWc_j7YOwg/edit?tab=t.0",
¿Qué sucede si repruebo el curso de nivelación?,Ingreso,"El curso de nivelación es una materia más y como tal, puede intentar volver a rendir en cualquier fecha de examen final. Incluso, podes empezar cursando las materias de una carrera como libre hasta que lo apruebes.","El curso de nivelación es como cualquier otra materia, así que no te preocupes 😊. Podés volver a rendirlo en cualquier fechas de examen final. 

Incluso, si querés, podés empezar a cursar las materias de tu carrera como *libre* hasta que lo apruebes. 
",
¿Qué sucede si repruebo el cursillo de ingreso?,Ingreso,"El curso de nivelación es una materia más y como tal, puede intentar volver a rendir en cualquier fecha de examen final. Incluso, podes empezar cursando las materias de una carrera como libre hasta que lo apruebes.","El curso de nivelación es como cualquier otra materia, así que no te preocupes 😊. Podés volver a rendirlo en cualquier fechas de examen final. 

Incluso, si querés, podés empezar a cursar las materias de tu carrera como *libre* hasta que lo apruebes. 
",
¿Qué sucede si repruebo el ingreso?,Ingreso,"El curso de nivelación es una materia más y como tal, puede intentar volver a rendir en cualquier fecha de examen final. Incluso, podes empezar cursando las materias de una carrera como libre hasta que lo apruebes.","El curso de nivelación es como cualquier otra materia, así que no te preocupes 😊. Podés volver a rendirlo en cualquier fechas de examen final. 

Incluso, si querés, podés empezar a cursar las materias de tu carrera como *libre* hasta que lo apruebes. 
",
"Aún no termine los estudios secundarios y quiero hacer la preinscripción, ¿Se puede?",Ingreso,"Es posible hacer la preinscripción si aún no terminaste el secundario, para eso cuando te solociten la constancia de estudios secundarios finalizados, debes adjuntar el certificado de alumno regular.","*Podés preinscribirte aunque no hayas terminado el secundario.* Solo cuando te pidan la constancia de estudios secundarios finalizados, *subí el certificado de alumno regular* en su lugar.

¡Suerte! 😊",
Necesito información de la inscripciones a carreras para 2026.,Ingreso,En el siguiente enlace podes encontrar información sobre la inscripción a carreras para el 2026: https://www.famaf.unc.edu.ar/la-facultad/institucional/secretar%C3%ADas/secretaria-academica/preinscripcion/,"📌 *Inscripciones 2026* 📌

Si estás buscando info para inscribirte en una carrera en la FAMAF para el 2026, acá tenés todo lo que necesitas saber:

🔗 https://www.famaf.unc.edu.ar/la-facultad/institucional/secretar%C3%ADas/secretaria-academica/preinscripcion/

¿Necesitás ayuda con algo más? 😊",
Necesito información sobre la carrera Licenciatura en Matemática,Ingreso,"En el siguiente enlace encontrarás toda la información sobre las carreras:
https://www.famaf.unc.edu.ar/academica/grado/","Si querés saber todo sobre la carrera, entrá acá:
🔗 https://www.famaf.unc.edu.ar/academica/grado/

Ahí vas a encontrar
*  *Plan de estudios*
* *Correlatividades*
* *Perfil del Egresado* y demás

¡Dale una mirada y después me contás si necesitás algo más! 😊",
Necesito información sobre la carrera Licenciatura en Astronomía,Ingreso,"En el siguiente enlace encontrarás toda la información sobre las carreras:
https://www.famaf.unc.edu.ar/academica/grado/","Si querés saber todo sobre la carrera, entrá acá:
🔗 https://www.famaf.unc.edu.ar/academica/grado/

Ahí vas a encontrar
*  *Plan de estudios*
* *Correlatividades*
* *Perfil del Egresado* y demás

¡Dale una mirada y después me contás si necesitás algo más! 😊",
Necesito información sobre la carrera Licenciatura en Física,Ingreso,"En el siguiente enlace encontrarás toda la información sobre las carreras:
https://www.famaf.unc.edu.ar/academica/grado/","Si querés saber todo sobre la carrera, entrá acá:
🔗 https://www.famaf.unc.edu.ar/academica/grado/

Ahí vas a encontrar
*  *Plan de estudios*
* *Correlatividades*
* *Perfil del Egresado* y demás

¡Dale una mirada y después me contás si necesitás algo más! 😊",
Necesito información sobre la carrera Licenciatura en Ciencias de la Computación,Ingreso,"En el siguiente enlace encontrarás toda la información sobre las carreras:
https://www.famaf.unc.edu.ar/academica/grado/","Si querés saber todo sobre la carrera, entrá acá:
🔗 https://www.famaf.unc.edu.ar/academica/grado/

Ahí vas a encontrar
*  *Plan de estudios*
* *Correlatividades*
* *Perfil del Egresado* y demás

¡Dale una mirada y después me contás si necesitás algo más! 😊",
Necesito información sobre la carrera Licenciatura en Matemática Aplicada,Ingreso,"En el siguiente enlace encontrarás toda la información sobre las carreras:
https://www.famaf.unc.edu.ar/academica/grado/","Si querés saber todo sobre la carrera, entrá acá:
🔗 https://www.famaf.unc.edu.ar/academica/grado/

Ahí vas a encontrar
*  *Plan de estudios*
* *Correlatividades*
* *Perfil del Egresado* y demás

¡Dale una mirada y después me contás si necesitás algo más! 😊",
Necesito información sobre la carrera Licenciatura en Hidrometeorología,Ingreso,"En el siguiente enlace encontrarás toda la información sobre las carreras:
https://www.famaf.unc.edu.ar/academica/grado/","Si querés saber todo sobre la carrera, entrá acá:
🔗 https://www.famaf.unc.edu.ar/academica/grado/

Ahí vas a encontrar
*  *Plan de estudios*
* *Correlatividades*
* *Perfil del Egresado* y demás

¡Dale una mirada y después me contás si necesitás algo más! 😊",
Necesito información sobre la carrera de Profesorado en Matemática,Ingreso,"En el siguiente enlace encontrarás toda la información sobre las carreras:
https://www.famaf.unc.edu.ar/academica/grado/","Si querés saber todo sobre la carrera, entrá acá:
🔗 https://www.famaf.unc.edu.ar/academica/grado/

Ahí vas a encontrar
*  *Plan de estudios*
* *Correlatividades*
* *Perfil del Egresado* y demás

¡Dale una mirada y después me contás si necesitás algo más! 😊",
Necesito información sobre la carrera de Profesorado en Física,Ingreso,"En el siguiente enlace encontrarás toda la información sobre las carreras:
https://www.famaf.unc.edu.ar/academica/grado/","Si querés saber todo sobre la carrera, entrá acá:
🔗 https://www.famaf.unc.edu.ar/academica/grado/

Ahí vas a encontrar
*  *Plan de estudios*
* *Correlatividades*
* *Perfil del Egresado* y demás

¡Dale una mirada y después me contás si necesitás algo más! 😊",
Necesito información sobre la carrera Analista en Computación,Ingreso,"En el siguiente enlace encontrarás toda la información sobre las carreras:
https://www.famaf.unc.edu.ar/academica/grado/","Si querés saber todo sobre la carrera, entrá acá:
🔗 https://www.famaf.unc.edu.ar/academica/grado/

Ahí vas a encontrar
*  *Plan de estudios*
* *Correlatividades*
* *Perfil del Egresado* y demás

¡Dale una mirada y después me contás si necesitás algo más! 😊",
Necesito información sobre la Tecnicatura Universitaria en Matemática Aplicada,Ingreso,"En el siguiente enlace encontrarás toda la información sobre las carreras:
https://www.famaf.unc.edu.ar/academica/grado/","Si querés saber todo sobre la carrera, entrá acá:
🔗 https://www.famaf.unc.edu.ar/academica/grado/

Ahí vas a encontrar
*  *Plan de estudios*
* *Correlatividades*
* *Perfil del Egresado* y demás

¡Dale una mirada y después me contás si necesitás algo más! 😊",
Necesito información sobre la Tecnicatura Universitaria en Astronomía,Ingreso,"En el siguiente enlace encontrarás toda la información sobre las carreras:
https://www.famaf.unc.edu.ar/academica/grado/","Si querés saber todo sobre la carrera, entrá acá:
🔗 https://www.famaf.unc.edu.ar/academica/grado/

Ahí vas a encontrar
*  *Plan de estudios*
* *Correlatividades*
* *Perfil del Egresado* y demás

¡Dale una mirada y después me contás si necesitás algo más! 😊",
"Me quiero inscribir a una materia pero figuran todas las comisiones llenas, ¿Qué hago?",Ingreso,"Los cupos a las materias se van abriendo a medida que se completan, aguarda unos minutos e intentalo nuevamente.","Si todas las comisiones están llenas, no te preocupes. *Los cupos se van liberando* a medida que se completan.

⏱️ Esperá unos minutos y volvé a intentar. ¡Seguro que encontrás lugar! 😊",
"No pude hacer la preinscripción antes de la fecha de cierre, ¿Debo esperar otro año más?",Ingreso,"El curso de nivelación de FAMAF tiene 3 ediciones:

- Curso de nivelación intensivo:
- Destinado a: aquellas personas que deseen ingresar por primera vez a la facultad o a aquellas que no hayan completado el trámite de inscripción definitiva años anteriores (nuevxs ingresantes).
- Dictado: fines de enero y febrero de cada año
- Modalidad: intensiva y presencial. Se cursa de lunes a viernes, 4 hs por día, pudiendo optar por turno tarde (de 9 hs a 13 hs) o turno mañana (de 14 hs a 18 hs)
- Preinscripciones: una vez definidos, fechas y requisitos serán publicados en famaf.unc.edu.ar/ingresantes (aproximandamente a principios de noviembre estará la información)

- Re dictado del Curso de nivelación primer cuatrimestre:
- Destinado a: aquellas personas que hayan completado el trámite de inscripción definitiva en algún momento (estudiantes de FAMAF) y que no hayan aprobado el curso de nivelación en ediciones anteriores.
- Dictado: durante el primer cuatrimestre, consultar fechas exactas de Cursado en el Calendario Académico en el apartado ""Primer Cuatrimestre del año vigente - Grado y Posgrado"".
- Modalidad: no intensiva y presencial. Se cursa dos días por semana, 4 hs por día. Ver horarios en ""Horarios de cursada redictado"" en el siguiente enlace https://www.famaf.unc.edu.ar/la-facultad/institucional/secretar%C3%ADas/secretaria-academica/horarios-de-cursado/.
- Inscripciones: Por Guaraní, a través de la pestaña ""Inscripción a materias"" durante el periodo de Inscripciones del apartado ""Primer Cuatrimestre año vigente - Grado y Posgrado"" del Calendario Académico.

- Curso de nivelación no intensivo para nuevxs ingresantes:
- Destinado a: aquellas personas que deseen ingresar por primera vez a la facultad o que no hayan aprobado el curso de nivelación en ediciones anteriores. Pueden estar cursando el último año del secundario.
- Dictado: de agosto a diciembre de cada año
- Modalidad: no intensiva, presencial o a distancia. 4 hs semanales, pudiendo optar por los días viernes de 16 hs a 20 hs o los días sábados de 9 hs a 13 hs.
- Preinscripciones: una vez definidos, fechas y requisitos serán publicados en famaf.unc.edu.ar/ingresantes (aproximadamente en junio de ese mismo año estará disponible la información).

Si no lograste inscribirte antes que cierre el plazo pero no comenzaron las clases todavía, puedes contactarte con despachoestudiantes@famaf.unc.edu.ar para ver si es posible realizar la inscripción aún.","""📚 *Curso de nivelación de FAMAF*

El curso de nivelación de FAMAF tiene 3 ediciones:

👉 *Modalidad intensiva* (para nuevxs ingresantes):
* Se dicta a fines de enero y febrero de cada año.
* La modalidad es intensiva y presencial, 4 hs/día en dos turnos:
      ↳ Mañana (9 a 13 hs).
      ↳ Tarde (14 a 18 hs).
* Toda la información sobre la preinscripción se publica en https://famaf.unc.edu.ar/ingresantes (aproximadamente desde principios de noviembre).

👉 *Re dictado primer cuatrimestre* (para estudiantes que realizaron la inscripción definitiva):
* Se dicta durante el primer cuatrimestre (fechas exactas en el Calendario Académico).
* La modalidad es no intensiva y presencial, 2 días/semana, 4 hs/día (horarios acá https://www.famaf.unc.edu.ar/la-facultad/institucional/secretar%C3%ADas/secretaria-academica/horarios-de-cursado/).
* La inscripción se realiza por Guaraní durante el periodo de inscripciones (ver Calendario Académico).

👉 *Modalidad no intensiva* (para nuevxs ingresantes que pueden estar en el útlio año del secundario):
* Se dicta durante agosto de cada año. 
* La modalidad puede ser presencial o a distancia, 4 hs/semana ya sea:
      ↳ Viernes de 16 hs a 20 hs.
      ↳Sábados de 9 hs a 13 hs.
* Toda la información será publicada en https://famaf.unc.edu.ar/ingresantes (aproximadamente desde junio).

✅ *Si no te inscribiste a tiempo pero las clases aún no empezaron*, escribí a despachoestudiantes@famaf.unc.edu.ar para ver si podés inscribirte igual. ¡No te quedes con la duda!",
¿Cuando hay que inscribirse para hacer el curso de ingreso no intensivo?,Ingreso,Las preinscripciones para el curso de nivelación no intensivo (para el ingreso 2027) se llevarán a cabo desde el 1 de Junio hasta el 3 de Julio y las clases comenzarán el 24 de Julio del 2026 hasta el 14 de Noviembre.,"📅 *Inscripción curso de ingreso no intensivo*: 

La fecha de inscripción al curso de ingreso *no intensivo* es desde el *1 de junio* hasta el *3 de julio*. 

Comenzarías las clases el *24 de julio* y terminarías el *14 de noviembre*.",
¿Cuando hay que inscribirse para hacer el curso de nivelación no intensivo?,Ingreso,Las preinscripciones para el curso de nivelación no intensivo (para el ingreso 2027) se llevarán a cabo desde el 1 de Junio hasta el 3 de Julio y las clases comenzarán el 24 de Julio del 2026 hasta el 14 de Noviembre.,"📅 *Inscripción curso de ingreso no intensivo*: 

La fecha de inscripción al curso de ingreso *no intensivo* es desde el *1 de junio* hasta el *3 de julio*. 

Comenzarías las clases el *24 de julio* y terminarías el *14 de noviembre*.",
¿Cuando hay que inscribirse para hacer el cursillo no intensivo?,Ingreso,Las preinscripciones para el curso de nivelación no intensivo (para el ingreso 2027) se llevarán a cabo desde el 1 de Junio hasta el 3 de Julio y las clases comenzarán el 24 de Julio del 2026 hasta el 14 de Noviembre.,"📅 *Inscripción curso de ingreso no intensivo*: 

La fecha de inscripción al curso de ingreso *no intensivo* es desde el *1 de junio* hasta el *3 de julio*. 

Comenzarías las clases el *24 de julio* y terminarías el *14 de noviembre*.",
Me gustaría hacer entrega de una computadora a la facultad,Información General,Para realizar una entrega de cualquier artefacto electrónico a nuestra facultad deberías ponerte en contacto con secext@famaf.unc.edu.ar para coordinar la entrega.,"📌 *Donaciones a FAMAF* 

Para coordinar la entrega contactá a secext@famaf.unc.edu.ar. 

¡Muchas gracias por tu aporte! 😊",
Me gustaría hacer entrega de una impresora a la facutlad,Información General,Para realizar una entrega de cualquier artefacto electrónico a nuestra facultad deberías ponerte en contacto con secext@famaf.unc.edu.ar para coordinar la entrega.,"📌 *Donaciones a FAMAF* 

Para coordinar la entrega contactá a secext@famaf.unc.edu.ar. 

¡Muchas gracias por tu aporte! 😊",
Me gustaría hacer entrega de un monitor a la facutlad,Información General,Para realizar una entrega de cualquier artefacto electrónico a nuestra facultad deberías ponerte en contacto con secext@famaf.unc.edu.ar para coordinar la entrega.,"📌 *Donaciones a FAMAF* 

Para coordinar la entrega contactá a secext@famaf.unc.edu.ar. 

¡Muchas gracias por tu aporte! 😊",
¿Cómo es el proceso para obtener equivalencias desde la UTN a FAMAF?,Información General,"En caso de que desees ingresar a FAMAF desde otra factulad, tenés que iniciar un trámite por email y pedir equivalencias de materias.

La recepción de solicitudes es desde el 1 de agosto al 31 de octubre y el resultado será entregado a comienzos del año siguiente para que puedas comenzar en FAMAF en marzo del año siguiente (una vez que te llegue el correo de confirmación). 

Para las equivalencias de materias no hay una tabla fija, ás bien cada caso se evalúa con una Comision Asesora de Equivalencias, contando también el Curso de Nivelación como cualquier otra materia.

La documentación requerida para este trámite se deve enviar vía email a oficialia@famaf.unc.edu.ar y consiste de:
1. Documentación Académica:
  - Certificado Analítico Oficial con notas, fechas de aprobación y constancia de aplazos.
  - Certificado de sanciones disciplinarias, indicando si tuvise o no.
  - Certificado de cancelación de matrícula, solo si la carrera es de igual nombre.
  - Programas oficiales legalizados de las materias aprobadas, con carga horaria, contenidos, trabajos o laboratorios y bibliografía.
  - Escala de calificaciones de tu institución de origen.
  - Plan de estudios de la carrera que cursaste.
  - Resolución ministerial que de validez nacional a la carrera.

2. Documentación Personal
  - Certificado de estudios secundarios completos, legalizado por la Oficialía Mayor de la UNC (https://www.unc.edu.ar/oficialia-mayor).
  - DNI (frente y dorso).
  - Constancia de CUIL.

Además de una nota dirigida al decano junto con los requisitos, en el siguiente enlace podes encontrar un modelo orentativo: https://tinyurl.com/equivalencias-externas-FAMAF

IMPORTANTE:
- Si el estudiante ya es alumno de FAMAF, debe aclararlo en la nota y en ese caso, el trámite puede presentarse en cualquier día del año. 
- Si querés ingresar a dos o más carreras, tenes que hacer un trámite separado para cada carrera.","📌 *Equivalencias UTN - FAMAF*

📅 *Plazos*:
* Desde el 01/08 al 31/10 podés enviar tu solicitud.
* El resultado lo tenés a comienzos del año siguiente.
* Empezás en FAMAF en marzo del año próximo (cuando te confirmen por mail).

🔍 *Evaluación*:
* No hay tabla fija: cada caso lo evalúa una Comisión Asesora.
* El Curso de Nivelación también se considera.

📄 *Documentación*:

1. *Académica*:
* Certificado Analítico Oficial (con notas, fechas y constancias de aplazos).
* Certificado de sanciones disciplinarias.
* Certificado de cancelación de matrícula (solo si el nombre de la carrera es igual).
* Programas oficiales de materias aprobadas (contenidos, carga horaria, bilbiografías, trabajos o laboratorios).
* Escala de calificaciones de la facultad que venís.
* Plan de estudios de la carrera que cursaste.
* Resolución ministerial que valide tu carrera.

2. *Personal*:
* Certificado de estudios secundarios completos (legalizado por Oficialía Mayor UNC: https://www.unc.edu.ar/oficialia-mayor).
* DNI (frente y dorso).
* Constancia de CUIL.

3. *Nota*:
* Incluí una nota dirigida al decano.
* Podés usar este modelo como referencia: https://tinyurl.com/equivalencias-externas-FAMAF

⚠️ *Importante*:
* Si ya sos alumno de FAMAF, aclaralo en la nota y podés hacer el trámite en cualquier momento.
* Si querés ingresar a más de una carrera, hacé un trámite por cada una.

📩 *Enviá todo* a oficialia@famaf.unc.edu.ar

💬 *¿Tenés dudas?* Escríbinos y te ayudamos. 😊",
¿Cual es el costo para realizar el curso de nivelación?,Ingreso,El curso de nivelación es gratuito.,"El curso de nivelación *¡es gratis!* 🎉

¿Algo más en lo que pueda ayudarte? 😊",
¿Cómo me inscribo para Analista en Computación? No me figura en Guaraní,Ingreso,"Analista en computación es el título intermedio de la carrera Licenciatura en Ciencias de la Computación, por lo que deberías inscribirte en esa carrera para obtener el título intermedio que se brinda en tercer año. ","Si buscás ser *Analista en Computación*, tené en cuenta que es un **título intermedio** de la *Licenciatura en Ciencias de la Computación*. 💻

¿Cómo te inscribis? 
👉 Al inscribirte, elegí la carrera de **Licenciatura en Ciencias de la Computación**. 
👉 Una vez que completes **3er año**, ¡ya tenés tu título de Analista! ",
¿Cómo me inscribo para la Tecnicatura Universitaria en Matemática Aplicada? No me figura en Guaraní,Ingreso,"La Tecnicatura Universitaria en Matemática Aplicada es un título intermedio de la Licenciatura en Matemática Aplicada, por lo que deberías inscribirte en esa carrera para obtener este título intermedio que se brinda en tercer año.","La **Tecnicatura en Matemática Aplicada** es un **título intermedio** de la *Licenciatura en Matemática Aplicada*. ✨

¿Cómo te inscribís? 
👉 En el sistema Guaraní, tenés que anotarte en la **Licenciatura en Matemática Aplicada**. 
👉 Al completar el **3er año** de la carrera, ¡ya obtenés tu título de Técnico!
",
¿Cómo me inscribo para la Tecnicatura Universitaria en Astronomía? No me figura en Guaraní,Ingreso,"La Tecnicatura Universitaria en Astronomía es un título intermedio correspondiente a los tres primeros años de la Licenciatura en Astronomía, por lo que deberías inscribirte en esa carrera para obtener este título intermedio.","La **Tecnicatura en Astronomía** es parte de los primeros **3 años** de la *Licenciatura en Astronomía*. 🌌

¿Cómo te inscribís? 
👉 En el sistema Guaraní, tenés que anotarte en la **Licenciatura en Matemática en Astronomía**. 
👉 Al completar el **3er año** de la carrera, ¡ya obtenés tu título de Técnico!
",
¿La presinscripción es virtual o presencial?,Ingreso,El proceso de preinscripción se realiza de manera virtual.,"La *presinscripción* puede hacerse *virtual*, no hace falta ir a la facultad. 😊",